data ;dia_exp;trat;caixa;o2_9h;o2_15h;ph_9h;ph_15h;temp_9h;temp_15h;sal_9h;sal_15h;orp_9h;orp_15h;amo;nitri;alc;soli
05/05/2021;0;T29;CX1;5,86;5,73;8,21;8,11;NA;NA;28,69;29,27;57,2;83,1;NA;NA;NA;NA
05/05/2021;0;T29;CX2;5,8;5,54;8,22;8,1;NA;NA;28,57;29,11;58,3;84,2;NA;NA;NA;NA
05/05/2021;0;T32;CX3;5,32;5,17;8,21;8,1;NA;NA;28,79;29,1;58,4;84,2;NA;NA;NA;NA
05/05/2021;0;T32;CX4;5,39;5,07;8,2;8,09;NA;NA;28,98;28,92;59,2;85,1;NA;NA;NA;NA
05/05/2021;0;T26;CX5;6,21;6;8,2;8,09;NA;NA;28,63;29,05;63,2;89,1;NA;NA;NA;NA
05/05/2021;0;T35;CX6;5,05;4,81;8,18;8,1;NA;NA;29,02;29,05;62,7;85,9;NA;NA;NA;NA
05/05/2021;0;T29;CX7;5,91;5,77;8,23;8,04;NA;NA;28,47;28,85;50,2;78,5;NA;NA;NA;NA
05/05/2021;0;T26;CX8;6,33;6,12;8,22;8,06;NA;NA;28,47;28,81;51,8;80,5;NA;NA;NA;NA
05/05/2021;0;T35;CX9;5,2;4,98;8,22;8,11;NA;NA;28,47;29,11;48,6;76,8;NA;NA;NA;NA
05/05/2021;0;T26;CX10;6,25;6,45;8,2;8,06;NA;NA;28,82;28,57;53,7;82,5;NA;NA;NA;NA
05/05/2021;0;T32;CX11;5,18;5,3;8,2;8,08;NA;NA;28,85;28,65;52,8;81,3;NA;NA;NA;NA
05/05/2021;0;T35;CX12;5,28;5,14;8,2;8,1;NA;NA;28,91;28,5;52,9;76,9;NA;NA;NA;NA
06/05/2021;1;T29;CX1;6,26;6,28;8,31;8,22;29,23;29,22;28,15;28,42;13,1;18,6;NA;NA;NA;NA
06/05/2021;1;T29;CX2;5,97;5,8;8,22;8,07;29,09;29,13;29,16;29,06;24,9;25,2;NA;NA;NA;NA
06/05/2021;1;T32;CX3;5,42;5,42;8,2;8,07;32,05;32,1;29,75;29,76;27;27,7;NA;NA;NA;NA
06/05/2021;1;T32;CX4;5,48;5,4;8,19;8,06;32;32,02;29,38;29,52;30,9;29,8;NA;NA;NA;NA
06/05/2021;1;T26;CX5;6,21;6,01;8,18;8,06;26,18;26,44;29,3;29,26;36,7;36,9;NA;NA;NA;NA
06/05/2021;1;T35;CX6;4,94;4,92;8,17;8,06;34,8;34,68;29,01;29,74;35,4;34,6;NA;NA;NA;NA
06/05/2021;1;T29;CX7;5,81;5,82;8,16;8,04;29,09;29,02;29,26;29,43;44,8;39,8;NA;NA;NA;NA
06/05/2021;1;T26;CX8;6,32;6,23;8,15;8,03;26,14;26,14;29,11;29,24;47,6;43,3;NA;NA;NA;NA
06/05/2021;1;T35;CX9;4,95;5,02;8,2;8,08;35,11;35,05;28,99;29,04;44,2;40,6;NA;NA;NA;NA
06/05/2021;1;T26;CX10;6,38;6,17;8,14;8,03;26,01;26,16;28,9;29,21;50,1;46,9;NA;NA;NA;NA
06/05/2021;1;T32;CX11;5,22;5,42;8,17;8,04;31,99;31,93;29,11;29,25;49,1;45,9;NA;NA;NA;NA
06/05/2021;1;T35;CX12;4,97;4,9;8,15;8,04;34,92;34,96;29,25;29,32;48,1;44,6;NA;NA;NA;NA
07/05/2021;2;T29;CX1;6,04;5,85;8,19;NA;29,21;29,28;28,75;28,41;26,4;72,3;NA;NA;NA;NA
07/05/2021;2;T29;CX2;5,94;5,8;8,2;7,97;29,17;29,1;29,29;28,95;28,2;72,7;NA;NA;NA;NA
07/05/2021;2;T32;CX3;5,42;5,46;8,19;7,95;32,08;32,08;29,93;29,32;28,6;71,4;NA;NA;NA;NA
07/05/2021;2;T32;CX4;5,57;5,37;8,17;7,97;32,04;32,03;29,72;29,03;31,3;71,8;NA;NA;NA;NA
07/05/2021;2;T26;CX5;6,45;6,25;8,16;7,95;26,18;26,36;29,48;26,06;36,4;75;NA;NA;NA;NA
07/05/2021;2;T35;CX6;5,05;5,55;8,17;7,95;34,92;34,98;29,48;29,45;33,7;71,9;NA;NA;NA;NA
07/05/2021;2;T29;CX7;5,44;5,4;8,15;7,94;29,06;28,98;29,54;29,12;39,6;74,1;NA;NA;NA;NA
07/05/2021;2;T26;CX8;5,72;5,97;8,16;7,94;26,12;26,14;29,31;28,95;27,9;75,8;NA;NA;NA;NA
07/05/2021;2;T35;CX9;4,68;4,88;8,19;7,98;35,03;35,03;29,33;28,49;30,7;71,6;NA;NA;NA;NA
07/05/2021;2;T26;CX10;5,81;5,84;8,13;7,94;26,01;26,13;29,39;29,2;39,4;77;NA;NA;NA;NA
07/05/2021;2;T32;CX11;5,12;5,18;8,16;7,96;31,91;31,93;29,46;28,73;39,7;74,6;NA;NA;NA;NA
07/05/2021;2;T35;CX12;4,71;4,85;8,14;7,94;34,96;34,88;29,63;28,89;40,5;73;NA;NA;NA;NA
08/05/2021;3;T29;CX1;5,22;5,73;8,17;8,08;29,21;29,24;28,6;28,57;59,7;48,3;NA;NA;NA;NA
08/05/2021;3;T29;CX2;5,43;5,6;8,17;8,08;29,11;29,12;29,02;29;56,2;51,2;NA;NA;NA;NA
08/05/2021;3;T32;CX3;5,05;5,3;8,17;8,08;32,09;31,99;29,26;29,31;50,6;53,9;NA;NA;NA;NA
08/05/2021;3;T32;CX4;4,88;5,19;8,17;8,03;32,02;31,99;29,26;29,31;50,6;53,9;NA;NA;NA;NA
08/05/2021;3;T26;CX5;5,83;6;8,16;8,06;26,11;26,17;29,69;29,69;32,1;58,2;NA;NA;NA;NA
08/05/2021;3;T35;CX6;4,64;4,65;8,16;8,08;34,97;34,89;26,69;29,69;32,1;58,2;NA;NA;NA;NA
08/05/2021;3;T29;CX7;5,22;5,27;8,15;8,04;29,06;29,02;29,29;29,27;62,4;66,4;NA;NA;NA;NA
08/05/2021;3;T26;CX8;5,51;5,27;8,15;8,06;26,08;26,09;29,11;29,09;65,2;66,4;NA;NA;NA;NA
08/05/2021;3;T35;CX9;4,47;4,52;8,19;8,11;35,07;35,04;28,79;28,73;31,3;63,1;NA;NA;NA;NA
08/05/2021;3;T26;CX10;5,9;5,76;8,13;8,04;25,89;25,91;29,29;29,43;67,5;68,9;NA;NA;NA;NA
08/05/2021;3;T32;CX11;4,86;4,96;8,15;8,05;31,93;31,93;29,04;29,06;65,3;67,5;NA;NA;NA;NA
08/05/2021;3;T35;CX12;4,65;4,52;8,15;8,06;34,87;34,91;29,12;29,22;64,1;66,4;NA;NA;NA;NA
09/05/2021;4;T29;CX1;4,89;6,48;8,21;8,03;29,22;28,81;28,89;28,81;38,3;64,4;NA;NA;NA;NA
09/05/2021;4;T29;CX2;4,94;6,37;8,21;8,03;29,12;29,17;29,16;29,18;39;64,6;NA;NA;NA;NA
09/05/2021;4;T32;CX3;4,37;6,32;8,2;8;32,14;32,07;29,69;29,83;38;63,7;NA;NA;NA;NA
09/05/2021;4;T32;CX4;4,4;6,29;8,18;8,02;32,01;32,11;29,44;29,52;37,6;63,2;NA;NA;NA;NA
09/05/2021;4;T26;CX5;5,02;6,42;8,2;8;26,13;26,21;29,31;29,44;41,1;66,3;NA;NA;NA;NA
09/05/2021;4;T35;CX6;4,23;5,49;8,15;7,91;34,85;34,89;29,94;30,12;38,1;64,1;NA;NA;NA;NA
09/05/2021;4;T29;CX7;4,83;5,95;8,17;8,03;29,06;29,09;29,54;29,43;41,8;77,5;NA;NA;NA;NA
09/05/2021;4;T26;CX8;5,28;6,53;8,2;8,05;26,14;26,13;29,38;29,16;43,7;77,8;NA;NA;NA;NA
09/05/2021;4;T35;CX9;4,27;6,03;8,2;8,03;35,18;35,07;28,82;29,11;40,6;65,1;NA;NA;NA;NA
09/05/2021;4;T26;CX10;5,32;6,74;8,16;7,99;26,18;26,16;29,37;29,54;46,1;66,5;NA;NA;NA;NA
09/05/2021;4;T32;CX11;4,63;6,62;8,17;8,02;31,86;31,93;29,2;29,24;44,5;63,7;NA;NA;NA;NA
09/05/2021;4;T35;CX12;4,45;6,15;8,14;7,96;34,87;34,83;29,47;29,5;43,2;62,1;NA;NA;NA;NA
10/05/2021;5;T29;CX1;5,72;5,58;8,24;8,1;29,14;29,14;28,39;29,03;23,1;59,3;NA;NA;NA;0,5
10/05/2021;5;T29;CX2;5,7;5,91;8,2;8,09;29,07;29,12;29,33;29,41;23,2;52,6;NA;NA;NA;1,2
10/05/2021;5;T32;CX3;5,33;5,61;8,16;8,06;32,07;32,06;30,03;30,17;22,1;50;NA;NA;NA;2
10/05/2021;5;T32;CX4;5,48;5,68;8,16;8,07;32,08;32,03;29,62;29,81;23,2;52,2;NA;NA;NA;1
10/05/2021;5;T26;CX5;6,08;6,68;8,17;8,08;26,1;NA;29,44;29,64;27;52,2;NA;NA;NA;1,2
10/05/2021;5;T35;CX6;4,8;5,15;8,13;8,04;34,92;34,83;30,3;30,57;25;50,2;NA;NA;NA;2,3
10/05/2021;5;T29;CX7;5,51;6,05;8,15;8,06;29,14;29,09;29,1;29,78;29,4;53;NA;NA;NA;0,5
10/05/2021;5;T26;CX8;6,06;6,64;8,17;8,08;26,2;26,16;29,41;29,57;31,8;54,3;NA;NA;NA;4
10/05/2021;5;T35;CX9;4,86;5,37;8,16;8,07;35,07;35,06;29,48;29,27;60,6;51,7;NA;NA;NA;4
10/05/2021;5;T26;CX10;6,51;6,71;8,14;8,06;25,89;25,94;29,54;29,6;35,9;55,8;NA;NA;NA;4,3
10/05/2021;5;T32;CX11;5,23;5,56;8,15;8,07;31,91;31,96;29,59;29,75;36,6;53,9;NA;NA;NA;1
10/05/2021;5;T35;CX12;4,88;5,18;8,11;8,03;34,82;34,88;29,79;29,97;36,8;52,7;NA;NA;NA;1,5
11/05/2021;6;T29;CX1;5,76;5,67;8,01;7,88;29,21;29,19;28,44;29,14;59;91,1;1;1,75;160;NA
11/05/2021;6;T29;CX2;5,91;5,73;8,01;7,87;29,14;29,22;29,49;29,62;56,8;85,7;1;1,75;200;NA
11/05/2021;6;T32;CX3;5,51;5,35;7,99;7,86;32,07;32,12;30,4;30,36;54,5;82;1;1,75;205;NA
11/05/2021;6;T32;CX4;5,5;5,47;7,99;7,87;32,04;32,04;29,93;30,05;53;79,1;1;1,75;170;NA
11/05/2021;6;T26;CX5;6,33;6,28;8,01;7,9;26,17;26,32;29,62;29,69;54,5;79;1;1,75;170;NA
11/05/2021;6;T35;CX6;5,15;5;7,97;7,86;34,92;34,85;30,78;30,87;51,8;74,7;1;1,75;150;NA
11/05/2021;6;T29;CX7;5,83;5,8;7,99;7,88;29,12;29,12;29,9;30,02;53,4;75,4;1;1,75;210;NA
11/05/2021;6;T26;CX8;6,18;6,36;8,01;7,89;26,11;26,2;29,51;29,63;54,1;75,8;1;1,75;170;NA
11/05/2021;6;T35;CX9;5,13;5,11;8;7,88;34,8;35,02;29,71;29,66;50,8;71,9;1;1,75;160;NA
11/05/2021;6;T26;CX10;6,36;6,32;7,98;7,86;25,88;26,11;29,64;29,68;54,8;76,1;1;1,75;155;NA
11/05/2021;6;T32;CX11;5,3;5,21;7,99;7,88;31,94;32,09;29,99;30,05;52,6;73,5;1;1,75;175;NA
11/05/2021;6;T35;CX12;5,02;5,03;7,96;7,86;34,88;34,96;30,23;30,17;51,8;72,5;1;1,75;145;NA
12/05/2021;7;T29;CX1;5,72;5,74;8,13;7,88;29,13;29,03;27,75;28,28;14,5;114,5;NA;NA;NA;NA
12/05/2021;7;T29;CX2;5,75;6,02;8,12;7,92;29,15;29,1;28,72;28,64;18,7;107,1;NA;NA;NA;NA
12/05/2021;7;T32;CX3;5,34;5,46;8,09;7,89;32,11;32,01;29,75;29,79;24,8;101;NA;NA;NA;NA
12/05/2021;7;T32;CX4;5,44;5,46;8,07;7,89;32,01;32,07;29,54;29,45;26,7;98;NA;NA;NA;NA
12/05/2021;7;T26;CX5;6,31;6,4;8,1;7,93;26,5;26,51;29,61;29,43;31;96,5;NA;NA;NA;NA
12/05/2021;7;T35;CX6;5,03;4,93;8,04;7,87;34,86;34,92;29,5;29,42;30,8;91;NA;NA;NA;NA
12/05/2021;7;T29;CX7;5,83;5,97;8,06;7,89;29,1;29,08;29;29,07;36,1;90,5;NA;NA;NA;NA
12/05/2021;7;T26;CX8;6,21;6,17;8,09;7,92;26,21;26,29;29,19;29,18;38,8;90,6;NA;NA;NA;NA
12/05/2021;7;T35;CX9;4,9;4,78;8,07;7,9;35,08;35,01;28,9;28,9;37,1;85,4;NA;NA;NA;NA
12/05/2021;7;T26;CX10;6,14;6,3;8,06;7,9;26,22;26,32;29,75;29,68;42,5;88,9;NA;NA;NA;NA
12/05/2021;7;T32;CX11;5,13;5,34;8,06;7,91;31,98;31,99;29,2;29,29;41,1;85,4;NA;NA;NA;NA
12/05/2021;7;T35;CX12;4,85;4,97;8,03;7,87;34,96;34,89;28,93;29,1;41,2;83,5;NA;NA;NA;NA
13/05/2021;8;T29;CX1;5,83;NA;8,11;7,91;29,15;29,22;28,75;28,96;43,3;68,7;NA;NA;NA;NA
13/05/2021;8;T29;CX2;5,69;NA;8,12;7,89;29,16;29,14;29,07;29,15;45,3;101,6;NA;NA;NA;NA
13/05/2021;8;T32;CX3;5,25;NA;8,08;7,87;32,13;32,09;29,84;29,86;47,8;99;NA;NA;NA;NA
13/05/2021;8;T32;CX4;5,3;NA;8,07;7,87;32,04;32,06;29,61;29,66;49,8;97,1;NA;NA;NA;NA
13/05/2021;8;T26;CX5;6,19;NA;8,11;7,91;26,17;26,21;29,46;29,59;54,4;98,1;NA;NA;NA;NA
13/05/2021;8;T35;CX6;4,97;NA;8,05;7,86;34,96;34,93;29,76;29,7;52,2;93,2;NA;NA;NA;NA
13/05/2021;8;T29;CX7;5,75;NA;8,05;7,83;29,13;29,09;29,14;29,14;58,6;106,3;NA;NA;NA;NA
13/05/2021;8;T26;CX8;6,18;NA;8,09;7,89;26,13;26,13;29,25;29,24;61,3;105,2;NA;NA;NA;NA
13/05/2021;8;T35;CX9;4,74;NA;8,06;7,9;35,03;35,03;29,36;29,45;58;96;NA;NA;NA;NA
13/05/2021;8;T26;CX10;6,04;NA;8,04;7,91;26,06;26,06;29,21;29,3;63,6;98,3;NA;NA;NA;NA
13/05/2021;8;T32;CX11;5,05;NA;8,05;7,88;31,92;31,92;29,25;29,55;63;95,4;NA;NA;NA;NA
13/05/2021;8;T35;CX12;4,99;NA;8,03;7,89;34,89;34,89;29,47;29,56;73;92,4;NA;NA;NA;NA
14/05/2021;9;T29;CX1;NA;NA;8,07;7,79;29,18;29,16;29,17;29,18;35,4;163,5;NA;NA;NA;NA
14/05/2021;9;T29;CX2;NA;NA;8,05;7,78;29,12;29,06;29,54;29,27;34,1;151,8;NA;NA;NA;NA
14/05/2021;9;T32;CX3;NA;NA;8,04;7,78;32,1;31,96;30,26;29,56;31,9;141,9;NA;NA;NA;NA
14/05/2021;9;T32;CX4;NA;NA;8,06;7,82;32,07;32,01;29,78;29,48;28,8;137,2;NA;NA;NA;NA
14/05/2021;9;T26;CX5;NA;NA;8,08;7,84;26,15;26,22;29,73;29,51;28,6;131,3;NA;NA;NA;NA
14/05/2021;9;T35;CX6;NA;NA;8;7,81;34,96;34,93;30,09;29,48;24,1;124,3;NA;NA;NA;NA
14/05/2021;9;T29;CX7;NA;NA;8,02;7,81;29,16;29,21;29,33;29,27;38,8;122,1;NA;NA;NA;NA
14/05/2021;9;T26;CX8;NA;NA;8,09;7,87;26,17;26,17;29,38;29,43;41;120,8;NA;NA;NA;NA
14/05/2021;9;T35;CX9;NA;NA;8,07;7,89;35,11;35,05;29,75;29,59;38,4;112,8;NA;NA;NA;NA
14/05/2021;9;T26;CX10;NA;NA;8,08;7,89;26,14;26,19;29,41;29,46;44,5;118,7;NA;NA;NA;NA
14/05/2021;9;T32;CX11;NA;NA;8,03;7,84;32,07;31,99;29,83;29,52;43,5;111,7;NA;NA;NA;NA
14/05/2021;9;T35;CX12;NA;NA;8,01;7,84;34,78;34,91;29,8;29,58;43,7;108;NA;NA;NA;NA
15/05/2021;10;T29;CX1;NA;NA;8;8,07;29,11;29,16;28,99;29,11;44,5;21,6;NA;NA;NA;NA
15/05/2021;10;T29;CX2;NA;NA;7,98;7,91;29,06;29,16;29,42;29,34;46,8;29,2;NA;NA;NA;NA
15/05/2021;10;T32;CX3;NA;NA;7,96;7,9;32,08;32,08;29,59;29,46;46,9;32,2;NA;NA;NA;NA
15/05/2021;10;T32;CX4;NA;NA;7,98;7,91;32,07;32,07;29,59;29,47;47;37,5;NA;NA;NA;NA
15/05/2021;10;T26;CX5;NA;NA;8,02;7,96;26,23;26,51;29,74;29,89;49,3;41,4;NA;NA;NA;NA
15/05/2021;10;T35;CX6;NA;NA;7,95;7,88;34,9;35,01;29,71;29,25;48,1;42,7;NA;NA;NA;NA
15/05/2021;10;T29;CX7;NA;NA;7,97;7,91;29,17;29,14;29,61;29,7;50,9;47,6;NA;NA;NA;NA
15/05/2021;10;T26;CX8;NA;NA;8,03;7,96;26,17;26,23;29,68;29,88;52,3;49,7;NA;NA;NA;NA
15/05/2021;10;T35;CX9;NA;NA;8,03;7,95;35,12;35,09;29,83;29,32;49,3;48,5;NA;NA;NA;NA
15/05/2021;10;T26;CX10;NA;NA;8,05;7,99;26,17;26,27;29,93;30,01;53,4;52,5;NA;NA;NA;NA
15/05/2021;10;T32;CX11;NA;NA;8;7,94;31,98;31,92;29,74;29,33;52,3;51,7;NA;NA;NA;NA
15/05/2021;10;T35;CX12;NA;NA;7,97;7,91;34,9;34,81;29,75;29,53;52,2;51,9;NA;NA;NA;NA
16/05/2021;11;T29;CX1;NA;NA;8,03;7,8;29,09;29,12;28,61;29,53;16,4;118,5;NA;NA;NA;NA
16/05/2021;11;T29;CX2;NA;NA;8,03;7,79;29,12;29,21;29,74;29,77;29,9;113,2;NA;NA;NA;NA
16/05/2021;11;T32;CX3;NA;NA;8;7,79;32;32,07;29,94;29,68;24,4;109,7;NA;NA;NA;NA
16/05/2021;11;T32;CX4;NA;NA;8;7,81;32,03;32,03;29,82;29,81;26,6;107,1;NA;NA;NA;NA
16/05/2021;11;T26;CX5;NA;NA;8,05;7,86;26,18;26,61;29,63;29,83;30,4;106,6;NA;NA;NA;NA
16/05/2021;11;T35;CX6;NA;NA;7,97;7,81;35,02;35,19;29,94;29,42;29,9;102,1;NA;NA;NA;NA
16/05/2021;11;T29;CX7;NA;NA;8;7,81;29,19;29,13;29,57;29,44;34,7;101,1;NA;NA;NA;NA
16/05/2021;11;T26;CX8;NA;NA;8,06;7,87;26,14;26,15;29,63;29,61;36,6;100,7;NA;NA;NA;NA
16/05/2021;11;T35;CX9;NA;NA;8,04;7,88;35,03;34,93;29,98;29,96;35;96,1;NA;NA;NA;NA
16/05/2021;11;T26;CX10;NA;NA;8,08;7,91;26,19;26,19;30,01;29,79;39,1;98,2;NA;NA;NA;NA
16/05/2021;11;T32;CX11;NA;NA;8,02;7,86;31,88;31,89;29,87;29,84;38,1;95,6;NA;NA;NA;NA
16/05/2021;11;T35;CX12;NA;NA;7,98;7,82;34,86;34,94;30,08;30,14;38,4;93,3;NA;NA;NA;NA
17/05/2021;12;T29;CX1;NA;5,6;NA;7,66;NA;29,15;NA;28,14;NA;101,5;NA;NA;NA;1
17/05/2021;12;T29;CX2;NA;5,46;NA;7,65;NA;29,16;NA;27,72;NA;99,7;NA;NA;NA;2,3
17/05/2021;12;T32;CX3;NA;4,77;NA;7,57;NA;32,09;NA;28,31;NA;142,3;NA;NA;NA;3
17/05/2021;12;T32;CX4;NA;5,21;NA;7,58;NA;32,06;NA;27,87;NA;136,1;NA;NA;NA;2,3
17/05/2021;12;T26;CX5;NA;5,73;NA;7,67;NA;26,03;NA;28,55;NA;134,2;NA;NA;NA;1,5
17/05/2021;12;T35;CX6;NA;4,96;NA;7,7;NA;34,93;NA;28,2;NA;124;NA;NA;NA;7,5
17/05/2021;12;T29;CX7;NA;5,86;NA;7,59;NA;29,14;NA;27,92;NA;143;NA;NA;NA;2
17/05/2021;12;T26;CX8;NA;6,33;NA;7,66;NA;26,12;NA;28,85;NA;140,4;NA;NA;NA;2,3
17/05/2021;12;T35;CX9;NA;5,24;NA;7,64;NA;35,06;NA;28,21;NA;129;NA;NA;NA;4
17/05/2021;12;T26;CX10;NA;6,42;NA;7,66;NA;26,15;NA;28,34;NA;129,5;NA;NA;NA;4
17/05/2021;12;T32;CX11;NA;4,86;NA;7,6;NA;31,93;NA;28,09;NA;125,1;NA;NA;NA;2,3
17/05/2021;12;T35;CX12;NA;5,31;NA;7,65;NA;34,86;NA;28,33;NA;106,1;NA;NA;NA;7,5
18/05/2021;13;T29;CX1;NA;5,87;7,68;7,47;29,18;29,18;27,48;27,42;102,3;110;0,25;1,75;135;NA
18/05/2021;13;T29;CX2;NA;4,7;7,65;7,47;29,12;29,07;27,78;27,87;95,2;108,1;0,25;1,75;135;NA
18/05/2021;13;T32;CX3;NA;4,43;7,61;7,43;32,07;32,09;28,35;28,36;92,7;106,9;0,25;1,75;115;NA
18/05/2021;13;T32;CX4;NA;4,36;7,61;7,43;32,17;32,08;27,99;28,04;89,7;105,8;0,25;1,75;110;NA
18/05/2021;13;T26;CX5;NA;5,04;7,71;7,54;26,22;26,36;28,52;28,53;89,8;106,7;0,25;1,75;130;NA
18/05/2021;13;T35;CX6;NA;4,04;7,72;7,54;34,97;35,04;28,32;28,33;85,4;102,4;0,25;1,75;125;NA
18/05/2021;13;T29;CX7;NA;4,9;7,62;7,48;29,23;29,19;28,12;28,31;86;105,2;0,25;1,75;125;NA
18/05/2021;13;T26;CX8;NA;5,31;7,72;7,54;26,11;26,16;28,01;28,17;82,7;105,7;0,25;1,75;130;NA
18/05/2021;13;T35;CX9;NA;4,19;7,69;7,52;35,01;35,02;28,39;28,32;79,9;102,3;0,25;1,75;120;NA
18/05/2021;13;T26;CX10;NA;5,25;7,7;7,54;26,15;26,11;28,37;28,78;83,5;105,7;0,25;1,75;135;NA
18/05/2021;13;T32;CX11;NA;4,22;7,62;7,46;31,97;31,97;28,21;28,22;80,5;103,8;0,25;1,75;115;NA
18/05/2021;13;T35;CX12;NA;4,1;7,73;7,55;34,83;34,92;28,32;28,42;78,2;101,1;0,25;1,75;130;NA
19/05/2021;14;T29;CX1;NA;5,52;7,83;7,72;29,13;29,2;26,69;28,28;52,6;79,5;NA;NA;NA;NA
19/05/2021;14;T29;CX2;NA;5,75;7,82;7,69;29,16;29,09;28,04;28,24;53,7;80,8;NA;NA;NA;NA
19/05/2021;14;T32;CX3;NA;5,71;7,86;7,72;32,18;32,09;28,41;28,51;54,5;79,9;NA;NA;NA;NA
19/05/2021;14;T32;CX4;NA;5,73;7,9;7,74;32;32,05;28,12;28,3;54,6;79,4;NA;NA;NA;NA
19/05/2021;14;T26;CX5;NA;6,5;7,88;7,74;26,24;26,59;28,6;28,82;58,4;82,5;NA;NA;NA;NA
19/05/2021;14;T35;CX6;NA;5,32;7,9;7,74;34,97;35;28,47;28,56;55,8;78,9;NA;NA;NA;NA
19/05/2021;14;T29;CX7;NA;6,18;7,81;7,67;29,17;29,23;28,24;28,33;60,7;81,7;NA;NA;NA;NA
19/05/2021;14;T26;CX8;NA;6,82;7,87;7,71;26,16;26,4;28,22;28,37;62,2;83,1;NA;NA;NA;NA
19/05/2021;14;T35;CX9;NA;5,33;7,91;7,73;35,07;34,95;28,07;28,23;59,2;79,5;NA;NA;NA;NA
19/05/2021;14;T26;CX10;NA;7,1;7,86;7,7;26,16;26,36;28,86;28,76;63,2;83,8;NA;NA;NA;NA
19/05/2021;14;T32;CX11;NA;5,73;7,87;7,71;31,95;31,96;28,36;28,56;63,1;81,6;NA;NA;NA;NA
19/05/2021;14;T35;CX12;NA;5,37;7,88;7,73;34,86;34,87;28,36;28,77;31,9;80,1;NA;NA;NA;NA
20/05/2021;15;T29;CX1;5,72;6,14;7,69;7,63;29,13;29,13;27,94;28,34;122;206,2;NA;NA;NA;NA
20/05/2021;15;T29;CX2;5,48;5,83;7,69;7,6;29,16;29,16;28,26;27,45;117;193,9;NA;NA;NA;NA
20/05/2021;15;T32;CX3;4,92;5,51;7,78;7,69;32,09;32,09;28,76;28,1;111,6;184,1;NA;NA;NA;NA
20/05/2021;15;T32;CX4;5,38;5,17;7,8;7,72;32;32;28,29;27,91;109,8;172,4;NA;NA;NA;NA
20/05/2021;15;T26;CX5;6,07;5,9;7,79;7,72;26,44;26,44;28,72;28,13;109,5;168,6;NA;NA;NA;NA
20/05/2021;15;T35;CX6;4,82;4,58;7,81;7,72;34,91;34,91;28,86;28,31;104;156,4;NA;NA;NA;NA
20/05/2021;15;T29;CX7;5,44;5,42;7,72;7,65;29,26;29,26;28,37;28,07;105,2;156,6;NA;NA;NA;NA
20/05/2021;15;T26;CX8;5,82;5,81;7,78;7,71;26,17;26,17;28,13;28,24;105,4;156;NA;NA;NA;NA
20/05/2021;15;T35;CX9;4,64;4,42;7,8;7,74;35,07;35,07;28,43;28,16;100,5;149,3;NA;NA;NA;NA
20/05/2021;15;T26;CX10;5,87;5,72;7,75;7,69;26,11;26,11;28,55;28,6;104,1;151,9;NA;NA;NA;NA
20/05/2021;15;T32;CX11;4,98;5,02;7,82;7,76;32,07;32,07;28,63;27,91;100,3;147;NA;NA;NA;NA
20/05/2021;15;T35;CX12;4,66;4,58;7,8;7,73;34,92;34,92;28,91;28,15;98,1;142,5;NA;NA;NA;NA
21/05/2021;16;T29;CX1;5,2;5,47;7,67;7,61;29,09;29,15;28,73;28,71;57,9;124,6;NA;NA;NA;NA
21/05/2021;16;T29;CX2;5,4;5,4;7,64;7,61;29,07;29,1;27,76;27,78;63,4;120,5;NA;NA;NA;NA
21/05/2021;16;T32;CX3;4,89;5,09;7,72;7,68;32,06;32,13;28,52;28,55;66,6;115,4;NA;NA;NA;NA
21/05/2021;16;T32;CX4;5,25;5,29;7,77;7,72;32,08;31,99;28,06;28,14;71,8;112;NA;NA;NA;NA
21/05/2021;16;T26;CX5;5,77;5,97;7,73;7,71;26,24;26,22;28,3;28,36;78,5;113;NA;NA;NA;NA
21/05/2021;16;T35;CX6;4,43;4,5;7,75;7,7;34,98;34,96;28,6;28,64;76,3;108,2;NA;NA;NA;NA
21/05/2021;16;T29;CX7;5,39;5,63;7,69;7,65;29,26;29,23;28,27;28,31;82;109,9;NA;NA;NA;NA
21/05/2021;16;T26;CX8;5,51;5,95;7,75;7,7;26,21;26,17;28,4;28,39;83,9;110,1;NA;NA;NA;NA
21/05/2021;16;T35;CX9;4,39;4,55;7,74;7,71;35,03;35,05;28,69;28,69;81,3;105;NA;NA;NA;NA
21/05/2021;16;T26;CX10;6,18;6,09;7,72;7,69;26,13;26,08;28,67;28,74;87;108,9;NA;NA;NA;NA
21/05/2021;16;T32;CX11;5,15;5,06;7,77;7,76;31,97;32,02;28,06;NA;85;105,2;NA;NA;NA;NA
21/05/2021;16;T35;CX12;4,74;4,8;7,75;7,72;34,97;34,84;28,42;28,48;84,4;103,3;NA;NA;NA;NA
22/05/2021;17;T29;CX1;5,44;5,48;7,71;7,58;29,15;29,16;28,96;28,86;92;187;NA;NA;NA;NA
22/05/2021;17;T29;CX2;5,51;5,24;7,65;7,57;29,15;29,21;27,98;28,05;90,7;167,5;NA;NA;NA;NA
22/05/2021;17;T32;CX3;4,92;4,97;7,74;7,68;32,19;32,22;28,86;28,91;87,6;151;NA;NA;NA;NA
22/05/2021;17;T32;CX4;5,04;4,93;7,76;7,69;32,08;32,02;28,33;28,39;86,3;146,2;NA;NA;NA;NA
22/05/2021;17;T26;CX5;6,07;6,02;7,74;7,68;26,2;26,21;28,49;28,5;88,6;146,3;NA;NA;NA;NA
22/05/2021;17;T35;CX6;4,46;4,6;7,76;7,69;34,95;34,86;28,88;28,91;84,1;139,9;NA;NA;NA;NA
22/05/2021;17;T29;CX7;5,55;5,16;7,67;7,6;29,26;29,23;28,42;27,8;87,5;138,8;NA;NA;NA;NA
22/05/2021;17;T26;CX8;6,04;6,04;7,72;7,66;26,19;26,13;28,48;28,49;88,4;138,6;NA;NA;NA;NA
22/05/2021;17;T35;CX9;4,5;4,44;7,78;7,72;35,04;34,94;29,05;28,44;84;132;NA;NA;NA;NA
22/05/2021;17;T26;CX10;6,12;5,67;7,69;7,62;26,1;26,03;28,81;28,68;74;135;NA;NA;NA;NA
22/05/2021;17;T32;CX11;5,11;5,15;7,75;7,7;31,97;32,02;28,32;28,37;73,5;130,2;NA;NA;NA;NA
22/05/2021;17;T35;CX12;4,65;4,65;7,74;7,68;34,96;34,97;28,74;28,28;77,8;127,3;NA;NA;NA;NA
23/05/2021;18;T29;CX1;5,61;5,16;7,48;7,55;29,06;29,13;28,11;29,09;38,1;153,6;NA;NA;NA;NA
23/05/2021;18;T29;CX2;5,74;5,31;7,64;7,55;29,07;29,06;28,07;28,19;41,4;147,4;NA;NA;NA;NA
23/05/2021;18;T32;CX3;5,01;5,39;7,7;7,62;32,18;32,17;28,77;29,16;41,9;143,1;NA;NA;NA;NA
23/05/2021;18;T32;CX4;5,11;5,09;7,73;7,64;32,05;32,02;28,5;28,53;43,3;135,7;NA;NA;NA;NA
23/05/2021;18;T26;CX5;6,02;6,19;7,74;7,67;26,21;26,22;28,62;28,66;47,7;136,1;NA;NA;NA;NA
23/05/2021;18;T35;CX6;4,38;4,53;7,73;7,64;34,95;34,91;29,1;28,82;48,4;131,3;NA;NA;NA;NA
23/05/2021;18;T29;CX7;5,45;5,3;7,68;7,56;29,23;29,22;27,9;27,89;54;128,8;NA;NA;NA;NA
23/05/2021;18;T26;CX8;6,23;5,77;7,71;7,63;26,19;26,24;28,73;28,65;56;128,3;NA;NA;NA;NA
23/05/2021;18;T35;CX9;4,77;4,83;7,74;7,67;34,97;35,04;28,36;28,8;53,4;123;NA;NA;NA;NA
23/05/2021;18;T26;CX10;5,7;6,05;7,65;7,64;26,08;26,18;28,69;29,04;62,2;126,7;NA;NA;NA;NA
23/05/2021;18;T32;CX11;5,2;4,99;7,7;7,65;31,92;31,85;28,33;28,4;59,6;122,6;NA;NA;NA;NA
23/05/2021;18;T35;CX12;4,73;4,71;7,73;7,64;34,86;34,82;28,41;28,56;59,1;120,1;NA;NA;NA;NA
24/05/2021;19;T29;CX1;4,86;4,99;7,59;7,5;29,2;29,24;28,98;28,94;124,8;173,5;NA;NA;NA;4
24/05/2021;19;T29;CX2;5,32;5,26;7,57;7,56;29,12;29,24;28,48;28,48;122,6;166;NA;NA;NA;6,5
24/05/2021;19;T32;CX3;4,89;4,75;7,64;7,64;32,23;32,21;29,11;28,97;123,6;157,5;NA;NA;NA;6
24/05/2021;19;T32;CX4;5,06;5,02;7,65;7,61;32,07;32,08;28,27;28,33;115,6;153;NA;NA;NA;4
24/05/2021;19;T26;CX5;5,84;5,65;7,66;7,65;26,17;26,22;28,35;28,46;115,3;153,7;NA;NA;NA;6
24/05/2021;19;T35;CX6;4,62;4,25;7,63;7,65;34,93;35,01;28,81;28,74;110;147,3;NA;NA;NA;5,5
24/05/2021;19;T29;CX7;5,11;5,21;7,57;7,62;29,21;29,34;28,08;28,22;111;147,4;NA;NA;NA;5,5
24/05/2021;19;T26;CX8;5,48;5,72;7,65;7,65;26,21;26,19;28,44;28,41;111,1;147;NA;NA;NA;5,5
24/05/2021;19;T35;CX9;4,31;4,41;7,67;7,62;34,99;35,04;28,57;28,61;106;141;NA;NA;NA;3,5
24/05/2021;19;T26;CX10;6;5,83;7,61;7,64;26,12;26,14;28,53;28,52;106,6;143,6;NA;NA;NA;5
24/05/2021;19;T32;CX11;5;4,89;7,66;7,67;32,13;32,04;28,42;28,5;105,5;138,6;NA;NA;NA;5,5
24/05/2021;19;T35;CX12;4,71;4,59;7,62;7,57;34,88;34,89;28,42;28,5;104,5;136,9;NA;NA;NA;3,5
25/05/2021;20;T29;CX1;5,28;4,99;7,45;7,68;29,11;29,03;28,35;28,77;100,1;47,1;0,25;1,75;130;NA
25/05/2021;20;T29;CX2;5,48;5,54;7,54;7,68;29,14;29,11;28,6;28,43;95,8;56,1;0,25;1,75;135;NA
25/05/2021;20;T32;CX3;5,23;5,28;7,6;7,7;32,07;32,08;28,69;29,07;92,2;61;0,25;1,75;135;NA
25/05/2021;20;T32;CX4;5,19;5,13;7,6;7,67;32,05;32,09;28,43;28,35;90,4;67,3;0,25;1,15;150;NA
25/05/2021;20;T26;CX5;6,34;5,92;7,66;7,73;26,34;26,31;28,54;28,45;91;72,1;0,25;1;135;NA
25/05/2021;20;T35;CX6;5,04;4,79;7,63;7,73;34,57;34,88;28,42;28,78;87,3;73,7;0,25;1;135;NA
25/05/2021;20;T29;CX7;5,71;5,59;7,6;7,68;29,35;29,29;28,27;28,49;88,7;82,1;0,25;1,75;135;NA
25/05/2021;20;T26;CX8;6,17;5,91;7,65;7,66;26,22;26,13;28,67;28,6;89,2;87;0,25;1;150;NA
25/05/2021;20;T35;CX9;5,01;4,91;7,61;7,73;34,9;34,94;28,55;28,92;86;84,7;0,25;1;120;NA
25/05/2021;20;T26;CX10;6,36;6,22;7,67;7,73;26,34;26,16;29,04;28,81;88,8;90,3;0,25;1;145;NA
25/05/2021;20;T32;CX11;5,27;5,34;7,66;7,7;32,09;32,17;28,44;28,16;86;88,7;0,25;1;130;NA
25/05/2021;20;T35;CX12;5,06;4,89;7,6;7,69;34,82;34,87;28,42;28,61;86,2;89,9;0,25;1;105;NA
26/05/2021;21;T29;CX1;5,31;NA;7,88;NA;29,12;NA;27,78;NA;59;NA;NA;NA;NA;NA
26/05/2021;21;T29;CX2;5,61;NA;7,87;NA;29,09;NA;28,67;NA;60,2;NA;NA;NA;NA;NA
26/05/2021;21;T32;CX3;4,77;NA;7,91;NA;32,15;NA;29,42;NA;94,5;NA;NA;NA;NA;NA
26/05/2021;21;T32;CX4;6,31;NA;7,88;NA;32,06;NA;28,57;NA;91,7;NA;NA;NA;NA;NA
26/05/2021;21;T26;CX5;6,45;NA;7,93;NA;26,28;NA;28,81;NA;92,1;NA;NA;NA;NA;NA
26/05/2021;21;T35;CX6;5,01;NA;7,94;NA;34,97;NA;28,95;NA;87,6;NA;NA;NA;NA;NA
26/05/2021;21;T29;CX7;5,44;NA;7,9;NA;29,27;NA;28,36;NA;88,4;NA;NA;NA;NA;NA
26/05/2021;21;T26;CX8;6,15;NA;7,91;NA;26,16;NA;28,61;NA;89;NA;NA;NA;NA;NA
26/05/2021;21;T35;CX9;4,81;NA;8;NA;34,93;NA;29,18;NA;84,5;NA;NA;NA;NA;NA
26/05/2021;21;T26;CX10;6,29;NA;7,95;NA;26,18;NA;28,71;NA;87,8;NA;NA;NA;NA;NA
26/05/2021;21;T32;CX11;5,31;NA;7,99;NA;32,03;NA;28,65;NA;84,4;NA;NA;NA;NA;NA
26/05/2021;21;T35;CX12;4,83;NA;8,01;NA;34,92;NA;28,98;NA;83,1;NA;NA;NA;NA;NA
27/05/2021;22;T29;CX1;4,15;4,88;7,79;7,72;29,12;29,13;29,47;29,6;82;110,2;NA;NA;NA;NA
27/05/2021;22;T29;CX2;4,61;4,71;7,77;7,7;29,1;29,07;29,11;29,22;80,8;107,5;NA;NA;NA;NA
27/05/2021;22;T32;CX3;4,58;4,62;7,84;7,77;32,18;32,21;29,88;30,02;78,7;103,7;NA;NA;NA;NA
27/05/2021;22;T32;CX4;4,83;4,63;7,78;7,72;32,02;32,07;28,84;28,92;78,8;100,6;NA;NA;NA;NA
27/05/2021;22;T26;CX5;5,85;5,87;7,87;7,81;26,21;26,25;28,97;29,06;80,4;101,5;NA;NA;NA;NA
27/05/2021;22;T35;CX6;4,14;4,27;7,87;7,79;34,94;35,07;29,5;29,7;77,1;96;NA;NA;NA;NA
27/05/2021;22;T29;CX7;4,73;4,62;7,8;7,74;29,34;29,33;28,59;28,64;79,6;100,2;NA;NA;NA;NA
27/05/2021;22;T26;CX8;5,3;5,17;7,79;7,72;26,23;26,16;28,79;28,88;80,6;100,5;NA;NA;NA;NA
27/05/2021;22;T35;CX9;4,28;4,11;7,91;7,85;35,01;34,97;29,89;30,03;76,7;94,9;NA;NA;NA;NA
27/05/2021;22;T26;CX10;5,6;5,16;7,79;7,74;26,11;26,07;28,89;28,9;81,2;98,5;NA;NA;NA;NA
27/05/2021;22;T32;CX11;4,8;4,6;7,91;7,75;32,09;32,03;29,07;29,22;77,7;93,5;NA;NA;NA;NA
27/05/2021;22;T35;CX12;4,48;4,37;7,91;7,84;34,91;34,85;29,45;29,35;77,4;90,3;NA;NA;NA;NA
28/05/2021;23;T29;CX1;4,97;5;7,73;7,63;29,21;29,18;29,27;28,99;51;90,8;NA;NA;NA;NA
28/05/2021;23;T29;CX2;4,9;4,88;7,78;7,67;29,13;29,12;28,88;29;46,5;88,2;NA;NA;NA;NA
28/05/2021;23;T32;CX3;4,6;4,87;7,84;7,73;32,26;32,24;28,86;29;43,9;85,3;NA;NA;NA;NA
28/05/2021;23;T32;CX4;5,1;4,63;7,77;7,66;32,26;32,07;28,57;28,65;45;85,8;NA;NA;NA;NA
28/05/2021;23;T26;CX5;6,05;5,85;7,88;7,77;26,24;26,2;28,96;28,93;47;87,2;NA;NA;NA;NA
28/05/2021;23;T35;CX6;4,62;4,51;7,85;7,73;35,04;35,02;28,59;28,68;46,1;84,9;NA;NA;NA;NA
28/05/2021;23;T29;CX7;5,33;5,12;7,71;7,67;29,3;29,34;28,27;28,52;56,3;88,5;NA;NA;NA;NA
28/05/2021;23;T26;CX8;5,58;5,54;7,8;7,69;26,17;26,24;28,7;28,83;56,9;89,6;NA;NA;NA;NA
28/05/2021;23;T35;CX9;4,56;4,24;7,89;7,79;34,96;34,93;28,78;29,03;54,3;85;NA;NA;NA;NA
28/05/2021;23;T26;CX10;5,98;5,77;7,78;7,65;26,23;26,09;29,02;28,27;59,6;90,1;NA;NA;NA;NA
28/05/2021;23;T32;CX11;5,07;4,81;7,9;7,81;32,08;32,05;28,57;28,63;57;86,5;NA;NA;NA;NA
28/05/2021;23;T35;CX12;4,7;4,69;7,92;7,81;34,89;34,99;29,03;28,5;56,1;85,9;NA;NA;NA;NA
29/05/2021;24;T29;CX1;NA;NA;NA;NA;NA;NA;NA;NA;NA;NA;NA;NA;NA;NA
29/05/2021;24;T29;CX2;NA;NA;NA;NA;NA;NA;NA;NA;NA;NA;NA;NA;NA;NA
29/05/2021;24;T32;CX3;NA;NA;NA;NA;NA;NA;NA;NA;NA;NA;NA;NA;NA;NA
29/05/2021;24;T32;CX4;NA;NA;NA;NA;NA;NA;NA;NA;NA;NA;NA;NA;NA;NA
29/05/2021;24;T26;CX5;NA;NA;NA;NA;NA;NA;NA;NA;NA;NA;NA;NA;NA;NA
29/05/2021;24;T35;CX6;NA;NA;NA;NA;NA;NA;NA;NA;NA;NA;NA;NA;NA;NA
29/05/2021;24;T29;CX7;NA;NA;NA;NA;NA;NA;NA;NA;NA;NA;NA;NA;NA;NA
29/05/2021;24;T26;CX8;NA;NA;NA;NA;NA;NA;NA;NA;NA;NA;NA;NA;NA;NA
29/05/2021;24;T35;CX9;NA;NA;NA;NA;NA;NA;NA;NA;NA;NA;NA;NA;NA;NA
29/05/2021;24;T26;CX10;NA;NA;NA;NA;NA;NA;NA;NA;NA;NA;NA;NA;NA;NA
29/05/2021;24;T32;CX11;NA;NA;NA;NA;NA;NA;NA;NA;NA;NA;NA;NA;NA;NA
29/05/2021;24;T35;CX12;NA;NA;NA;NA;NA;NA;NA;NA;NA;NA;NA;NA;NA;NA
30/05/2021;25;T29;CX1;NA;NA;NA;NA;NA;NA;NA;NA;NA;NA;NA;NA;NA;NA
30/05/2021;25;T29;CX2;NA;NA;NA;NA;NA;NA;NA;NA;NA;NA;NA;NA;NA;NA
30/05/2021;25;T32;CX3;NA;NA;NA;NA;NA;NA;NA;NA;NA;NA;NA;NA;NA;NA
30/05/2021;25;T32;CX4;NA;NA;NA;NA;NA;NA;NA;NA;NA;NA;NA;NA;NA;NA
30/05/2021;25;T26;CX5;NA;NA;NA;NA;NA;NA;NA;NA;NA;NA;NA;NA;NA;NA
30/05/2021;25;T35;CX6;NA;NA;NA;NA;NA;NA;NA;NA;NA;NA;NA;NA;NA;NA
30/05/2021;25;T29;CX7;NA;NA;NA;NA;NA;NA;NA;NA;NA;NA;NA;NA;NA;NA
30/05/2021;25;T26;CX8;NA;NA;NA;NA;NA;NA;NA;NA;NA;NA;NA;NA;NA;NA
30/05/2021;25;T35;CX9;NA;NA;NA;NA;NA;NA;NA;NA;NA;NA;NA;NA;NA;NA
30/05/2021;25;T26;CX10;NA;NA;NA;NA;NA;NA;NA;NA;NA;NA;NA;NA;NA;NA
30/05/2021;25;T32;CX11;NA;NA;NA;NA;NA;NA;NA;NA;NA;NA;NA;NA;NA;NA
30/05/2021;25;T35;CX12;NA;NA;NA;NA;NA;NA;NA;NA;NA;NA;NA;NA;NA;NA
31/05/2021;26;T29;CX1;NA;NA;NA;NA;NA;NA;NA;NA;NA;NA;NA;NA;NA;NA
31/05/2021;26;T29;CX2;NA;NA;NA;NA;NA;NA;NA;NA;NA;NA;NA;NA;NA;NA
31/05/2021;26;T32;CX3;NA;NA;NA;NA;NA;NA;NA;NA;NA;NA;NA;NA;NA;NA
31/05/2021;26;T32;CX4;NA;NA;NA;NA;NA;NA;NA;NA;NA;NA;NA;NA;NA;NA
31/05/2021;26;T26;CX5;NA;NA;NA;NA;NA;NA;NA;NA;NA;NA;NA;NA;NA;NA
31/05/2021;26;T35;CX6;NA;NA;NA;NA;NA;NA;NA;NA;NA;NA;NA;NA;NA;NA
31/05/2021;26;T29;CX7;NA;NA;NA;NA;NA;NA;NA;NA;NA;NA;NA;NA;NA;NA
31/05/2021;26;T26;CX8;NA;NA;NA;NA;NA;NA;NA;NA;NA;NA;NA;NA;NA;NA
31/05/2021;26;T35;CX9;NA;NA;NA;NA;NA;NA;NA;NA;NA;NA;NA;NA;NA;NA
31/05/2021;26;T26;CX10;NA;NA;NA;NA;NA;NA;NA;NA;NA;NA;NA;NA;NA;NA
31/05/2021;26;T32;CX11;NA;NA;NA;NA;NA;NA;NA;NA;NA;NA;NA;NA;NA;NA
31/05/2021;26;T35;CX12;NA;NA;NA;NA;NA;NA;NA;NA;NA;NA;NA;NA;NA;NA
01/06/2021;27;T29;CX1;NA;NA;NA;NA;NA;NA;NA;NA;NA;NA;NA;NA;NA;NA
01/06/2021;27;T29;CX2;NA;NA;NA;NA;NA;NA;NA;NA;NA;NA;NA;NA;NA;NA
01/06/2021;27;T32;CX3;NA;NA;NA;NA;NA;NA;NA;NA;NA;NA;NA;NA;NA;NA
01/06/2021;27;T32;CX4;NA;NA;NA;NA;NA;NA;NA;NA;NA;NA;NA;NA;NA;NA
01/06/2021;27;T26;CX5;NA;NA;NA;NA;NA;NA;NA;NA;NA;NA;NA;NA;NA;NA
01/06/2021;27;T35;CX6;NA;NA;NA;NA;NA;NA;NA;NA;NA;NA;NA;NA;NA;NA
01/06/2021;27;T29;CX7;NA;NA;NA;NA;NA;NA;NA;NA;NA;NA;NA;NA;NA;NA
01/06/2021;27;T26;CX8;NA;NA;NA;NA;NA;NA;NA;NA;NA;NA;NA;NA;NA;NA
01/06/2021;27;T35;CX9;NA;NA;NA;NA;NA;NA;NA;NA;NA;NA;NA;NA;NA;NA
01/06/2021;27;T26;CX10;NA;NA;NA;NA;NA;NA;NA;NA;NA;NA;NA;NA;NA;NA
01/06/2021;27;T32;CX11;NA;NA;NA;NA;NA;NA;NA;NA;NA;NA;NA;NA;NA;NA
01/06/2021;27;T35;CX12;NA;NA;NA;NA;NA;NA;NA;NA;NA;NA;NA;NA;NA;NA
02/06/2021;28;T29;CX1;NA;NA;NA;NA;NA;NA;NA;NA;NA;NA;NA;NA;NA;NA
02/06/2021;28;T29;CX2;NA;NA;NA;NA;NA;NA;NA;NA;NA;NA;NA;NA;NA;NA
02/06/2021;28;T32;CX3;NA;NA;NA;NA;NA;NA;NA;NA;NA;NA;NA;NA;NA;NA
02/06/2021;28;T32;CX4;NA;NA;NA;NA;NA;NA;NA;NA;NA;NA;NA;NA;NA;NA
02/06/2021;28;T26;CX5;NA;NA;NA;NA;NA;NA;NA;NA;NA;NA;NA;NA;NA;NA
02/06/2021;28;T35;CX6;NA;NA;NA;NA;NA;NA;NA;NA;NA;NA;NA;NA;NA;NA
02/06/2021;28;T29;CX7;NA;NA;NA;NA;NA;NA;NA;NA;NA;NA;NA;NA;NA;NA
02/06/2021;28;T26;CX8;NA;NA;NA;NA;NA;NA;NA;NA;NA;NA;NA;NA;NA;NA
02/06/2021;28;T35;CX9;NA;NA;NA;NA;NA;NA;NA;NA;NA;NA;NA;NA;NA;NA
02/06/2021;28;T26;CX10;NA;NA;NA;NA;NA;NA;NA;NA;NA;NA;NA;NA;NA;NA
02/06/2021;28;T32;CX11;NA;NA;NA;NA;NA;NA;NA;NA;NA;NA;NA;NA;NA;NA
02/06/2021;28;T35;CX12;NA;NA;NA;NA;NA;NA;NA;NA;NA;NA;NA;NA;NA;NA
03/06/2021;29;T29;CX1;5,71;5,4;7,85;7,86;29,08;29,14;27,84;29,25;140,1;113,9;NA;NA;NA;NA
03/06/2021;29;T29;CX2;5,59;5,62;7,88;7,87;29,04;29,08;29,11;29,3;143,8;113,5;NA;NA;NA;NA
03/06/2021;29;T32;CX3;5,18;5,15;7,9;7,88;32,22;32,16;29,13;29,36;139;111,6;NA;NA;NA;NA
03/06/2021;29;T32;CX4;5,17;5,16;7,9;7,88;32,07;32,11;32,08;29,27;136,3;111;NA;NA;NA;NA
03/06/2021;29;T26;CX5;6,28;6,13;7,91;7,89;26,38;26,31;29,4;29,44;137,1;113,1;NA;NA;NA;NA
03/06/2021;29;T35;CX6;4,63;4,85;7,88;7,85;35,02;34,97;29,19;28,99;129,1;109,7;NA;NA;NA;NA
03/06/2021;29;T29;CX7;5,7;5,47;7,89;7,88;29,36;29,43;29,25;29,4;125,2;110,8;NA;NA;NA;NA
03/06/2021;29;T26;CX8;6,29;6,22;7,9;7,89;26,28;26,21;29,24;29,35;126,7;112,3;NA;NA;NA;NA
03/06/2021;29;T35;CX9;4,91;4,88;7,94;7,9;35;34,86;29;28,76;121,8;108,4;NA;NA;NA;NA
03/06/2021;29;T26;CX10;6,25;6,2;7,89;7,9;26,25;26,27;29,64;29,71;125,2;112,1;NA;NA;NA;NA
03/06/2021;29;T32;CX11;5,24;5,2;7,91;7,89;32,02;32;28,77;28,99;122,1;106,2;NA;NA;NA;NA
03/06/2021;29;T35;CX12;4,91;4,9;7,93;7,9;34,9;34,81;28,96;29,05;120;107,7;NA;NA;NA;NA
04/06/2021;30;T29;CX1;5,15;5,15;7,86;7,75;29,12;29,13;28,45;29,47;180,2;116,6;NA;NA;NA;NA
04/06/2021;30;T29;CX2;5,07;5,16;7,86;7,76;29,13;29,05;29,48;29,54;177,8;117,9;NA;NA;NA;NA
04/06/2021;30;T32;CX3;4,85;4,9;7,89;7,79;32,25;32,21;29,84;29,74;172,9;117,7;NA;NA;NA;NA
04/06/2021;30;T32;CX4;4,93;4,84;7,88;7,79;32,04;32;29,7;29,69;169,5;112,5;NA;NA;NA;NA
04/06/2021;30;T26;CX5;5,78;5,73;7,86;7,77;26,34;26,18;29,28;29,28;169,5;114,9;NA;NA;NA;NA
04/06/2021;30;T35;CX6;4,5;4,24;7,85;7,77;35,06;35,09;29,53;29,4;163,4;113,9;NA;NA;NA;NA
04/06/2021;30;T29;CX7;5,22;5,28;7,87;7,78;29,46;29,38;29,4;29,44;155,6;117,5;NA;NA;NA;NA
04/06/2021;30;T26;CX8;5,79;5,65;7,85;7,76;26,3;26,17;29,33;29,17;156,4;119,9;NA;NA;NA;NA
04/06/2021;30;T35;CX9;4,4;4,56;7,9;7,82;34,98;34,97;29,61;29,75;150,4;116,2;NA;NA;NA;NA
04/06/2021;30;T26;CX10;5,7;5,77;7,86;7,76;26,1;26,1;28,97;29,04;153,5;121,6;NA;NA;NA;NA
04/06/2021;30;T32;CX11;4,61;4,83;7,91;7,83;32,07;32,15;29,24;29,58;149,5;119,1;NA;NA;NA;NA
04/06/2021;30;T35;CX12;4,64;4,35;7,9;7,81;34,87;34,94;29,53;29,59;145,8;117,9;NA;NA;NA;NA
05/06/2021;31;T29;CX1;5,02;5,68;7,87;7,8;29,09;29,07;29,71;29,16;75,7;123,3;NA;NA;NA;NA
05/06/2021;31;T29;CX2;5,33;5,19;7,88;7,83;29,07;29,09;29,79;29,85;78,1;120,4;NA;NA;NA;NA
05/06/2021;31;T32;CX3;4,79;4,73;7,9;7,84;32,29;32,33;30,17;30,2;80,9;119,6;NA;NA;NA;NA
05/06/2021;31;T32;CX4;4,75;4,89;7,89;7,84;32,07;32,07;29,97;30,06;80,9;120,9;NA;NA;NA;NA
05/06/2021;31;T26;CX5;5,53;5,82;7,88;7,82;26,31;26,3;29,44;29,46;83,2;121,9;NA;NA;NA;NA
05/06/2021;31;T35;CX6;4,23;4,45;7,88;7,82;34,94;35,07;29,85;30,06;80,3;114,5;NA;NA;NA;NA
05/06/2021;31;T29;CX7;5,19;5,33;7,87;7,82;29,38;29,48;29,62;29,7;84;112,9;NA;NA;NA;NA
05/06/2021;31;T26;CX8;5,38;5,47;7,87;7,81;26,23;26,18;29,25;29,37;87,1;114,1;NA;NA;NA;NA
05/06/2021;31;T35;CX9;4,25;4,26;7,91;7,86;35,06;35,07;30,07;30;83,2;109,2;NA;NA;NA;NA
05/06/2021;31;T26;CX10;5,62;5,61;7,85;7,8;26,16;26,15;29,19;29,16;88,3;112,9;NA;NA;NA;NA
05/06/2021;31;T32;CX11;4,7;4,73;7,92;7,87;32,04;32,14;29,85;29,84;86,1;109,6;NA;NA;NA;NA
05/06/2021;31;T35;CX12;4,5;4,56;7,89;7,85;34,96;34,92;29,83;29,9;85,4;107,6;NA;NA;NA;NA
06/06/2021;32;T29;CX1;NA;5,13;NA;7,64;NA;29,06;NA;29,31;NA;142,3;NA;NA;NA;NA
06/06/2021;32;T29;CX2;NA;5,13;NA;7,67;NA;29,13;NA;26,47;NA;138,1;NA;NA;NA;NA
06/06/2021;32;T32;CX3;NA;4,68;NA;7,69;NA;32,33;NA;30,92;NA;130,8;NA;NA;NA;NA
06/06/2021;32;T32;CX4;NA;4,8;NA;7,69;NA;32,12;NA;30,18;NA;128;NA;NA;NA;NA
06/06/2021;32;T26;CX5;NA;5,51;NA;7,71;NA;NA;NA;30,1;NA;128,8;NA;NA;NA;NA
06/06/2021;32;T35;CX6;NA;4,58;NA;7,63;NA;35,03;NA;29,82;NA;126,2;NA;NA;NA;NA
06/06/2021;32;T29;CX7;NA;4,99;NA;7,66;NA;29,46;NA;30,25;NA;126,6;NA;NA;NA;NA
06/06/2021;32;T26;CX8;NA;5,54;NA;7,71;NA;NA;NA;29,97;NA;126,6;NA;NA;NA;NA
06/06/2021;32;T35;CX9;NA;4,34;NA;7,75;NA;35;NA;30,73;NA;120,8;NA;NA;NA;NA
06/06/2021;32;T26;CX10;NA;5,54;NA;7,7;NA;NA;NA;30,11;NA;123,7;NA;NA;NA;NA
06/06/2021;32;T32;CX11;NA;4,87;NA;7,7;NA;32,14;NA;30,12;NA;121,3;NA;NA;NA;NA
06/06/2021;32;T35;CX12;NA;5,37;NA;7,72;NA;34,83;NA;30,28;NA;120,1;NA;NA;NA;NA
07/06/2021;33;T29;CX1;5,35;5,3;7,78;7,76;29,07;29,07;29,92;29,71;160,2;116,6;NA;NA;NA;4
07/06/2021;33;T29;CX2;5,2;5,21;7,81;7,8;29,04;29,09;30,17;30,2;155;117,9;NA;NA;NA;5
07/06/2021;33;T32;CX3;5,16;5,14;7,83;7,83;32,36;32,37;30,51;30,24;151,8;117,7;NA;NA;NA;4
07/06/2021;33;T32;CX4;4,86;5,01;7,83;7,8;32,05;32,05;30,34;30,37;152,9;112,5;NA;NA;NA;4
07/06/2021;33;T26;CX5;5,67;5,71;7,83;7,82;26,31;26,3;29,63;29,72;152,2;114,7;NA;NA;NA;5
07/06/2021;33;T35;CX6;4,35;4,75;7,81;7,81;35;35,07;29,83;29,85;147,1;127,1;NA;NA;NA;4,5
07/06/2021;33;T29;CX7;5,53;5,51;7,82;7,8;29,5;29,51;30,24;30,32;141,5;113,6;NA;NA;NA;6
07/06/2021;33;T26;CX8;5,89;5,72;7,83;7,82;26,24;26,23;29,87;29,98;142,7;129,9;NA;NA;NA;6
07/06/2021;33;T35;CX9;4,67;4,78;7,84;7,73;34,97;35,07;30,18;30,21;139;116,2;NA;NA;NA;3,5
07/06/2021;33;T26;CX10;5,78;5,82;7,85;7,84;26,22;26,21;30,16;30,18;141,7;121,6;NA;NA;NA;5,5
07/06/2021;33;T32;CX11;4,82;5,03;7,87;7,86;32,06;32,14;29,94;39,91;138,7;119,1;NA;NA;NA;1
07/06/2021;33;T35;CX12;4,61;4,62;7,84;7,83;34,75;34,74;29,99;29,94;132,1;117,9;NA;NA;NA;5
08/06/2021;34;T29;CX1;5,03;5,2;7,73;7,5;29,06;29,13;29,28;9,22;102,5;147,7;1;1;140;NA
08/06/2021;34;T29;CX2;5,05;5,32;7,75;7,56;29,14;29,05;29,74;29,64;100,9;138,7;1;1,75;150;NA
08/06/2021;34;T32;CX3;4,69;4,83;7,78;7,59;32,32;32,32;29,7;29,48;97,9;136,4;1;1;145;NA
08/06/2021;34;T32;CX4;4,64;4,92;7,76;7,6;32,07;32,02;29,75;29,69;96,9;133,5;1;1,75;135;NA
08/06/2021;34;T26;CX5;4,65;5,63;7,79;7,63;26,39;26,38;29,48;29,54;98,7;132,2;1;1,75;160;NA
08/06/2021;34;T35;CX6;4,31;4,43;7,74;7,59;35,08;35,13;29,95;29,44;95,4;128,7;1;1;140;NA
08/06/2021;34;T29;CX7;4,97;5,14;7,74;7,59;29,49;29,46;29,4;29,58;97,5;129,5;1;1,75;150;NA
08/06/2021;34;T26;CX8;5,32;5,62;7,78;7,63;26,19;26,2;29,01;29,31;98,8;130,8;1;1;170;NA
08/06/2021;34;T35;CX9;4,3;4,53;7,81;7,66;34,94;34,38;29,93;29,47;94,7;125,2;1;1;140;NA
08/06/2021;34;T26;CX10;5,38;5,75;7,78;7,67;26,13;26,15;29,3;29,52;99,1;127,4;1;1;155;NA
08/06/2021;34;T32;CX11;4,5;4,91;7,82;7,66;32,05;31,97;30,08;29,83;96,5;123,4;1;1,75;155;NA
08/06/2021;34;T35;CX12;4,37;4,48;7,8;7,66;34,83;34,78;29,76;29,72;95,1;120,9;1;1;140;NA
09/06/2021;35;T29;CX1;5,18;NA;8,16;NA;29,03;NA;29,73;NA;71,3;NA;NA;NA;NA;NA
09/06/2021;35;T29;CX2;5,39;NA;8,07;NA;29,07;NA;30,12;NA;78,2;NA;NA;NA;NA;NA
09/06/2021;35;T32;CX3;4,76;NA;8,1;NA;32,71;NA;30,23;NA;54,5;NA;NA;NA;NA;NA
09/06/2021;35;T32;CX4;4,72;NA;8,09;NA;31,99;NA;30,11;NA;60,8;NA;NA;NA;NA;NA
09/06/2021;35;T26;CX5;5,63;NA;8,07;NA;26,37;NA;29,55;NA;70,2;NA;NA;NA;NA;NA
09/06/2021;35;T35;CX6;7,22;NA;8,08;NA;35,11;NA;30,31;NA;68,5;NA;NA;NA;NA;NA
09/06/2021;35;T29;CX7;5,27;NA;8,09;NA;29,44;NA;29,73;NA;69,1;NA;NA;NA;NA;NA
09/06/2021;35;T26;CX8;5,67;NA;8,01;NA;26,25;NA;28,84;NA;72,5;NA;NA;NA;NA;NA
09/06/2021;35;T35;CX9;4,26;NA;8,09;NA;35,01;NA;30,25;NA;66,5;NA;NA;NA;NA;NA
09/06/2021;35;T26;CX10;5,71;NA;8,02;NA;26,22;NA;39,35;NA;70,3;NA;NA;NA;NA;NA
09/06/2021;35;T32;CX11;7,75;NA;8,06;NA;32,06;NA;30,38;NA;67,2;NA;NA;NA;NA;NA
09/06/2021;35;T35;CX12;4,23;NA;8,12;NA;34,88;NA;30,14;NA;64,8;NA;NA;NA;NA;NA
10/06/2021;36;T29;CX1;4,43;NA;7,84;NA;29,07;NA;30,14;NA;106,9;NA;NA;NA;NA;NA
10/06/2021;36;T29;CX2;4,79;NA;7,85;NA;29,13;NA;30,45;NA;113,4;NA;NA;NA;NA;NA
10/06/2021;36;T32;CX3;4,5;NA;7,89;NA;32,41;NA;30,64;NA;108,6;NA;NA;NA;NA;NA
10/06/2021;36;T32;CX4;4,58;NA;7,89;NA;32,05;NA;30,58;NA;105,6;NA;NA;NA;NA;NA
10/06/2021;36;T26;CX5;5,6;NA;7,87;NA;26,32;NA;29,79;NA;106,8;NA;NA;NA;NA;NA
10/06/2021;36;T35;CX6;3,89;NA;7,87;NA;35,13;NA;30,86;NA;98;NA;NA;NA;NA;NA
10/06/2021;36;T29;CX7;4,86;NA;7,88;NA;29,52;NA;29,59;NA;97,1;NA;NA;NA;NA;NA
10/06/2021;36;T26;CX8;5,3;NA;7,82;NA;26,25;NA;29,04;NA;98,5;NA;NA;NA;NA;NA
10/06/2021;36;T35;CX9;4,15;NA;7,91;NA;35,01;NA;30,56;NA;93,5;NA;NA;NA;NA;NA
10/06/2021;36;T26;CX10;5,15;NA;7,83;NA;26,16;NA;29,55;NA;96,9;NA;NA;NA;NA;NA
10/06/2021;36;T32;CX11;4,69;NA;7,88;NA;31,99;NA;30,71;NA;92,5;NA;NA;NA;NA;NA
10/06/2021;36;T35;CX12;4,34;NA;7,9;NA;34,88;NA;30,48;NA;89,5;NA;NA;NA;NA;NA
11/06/2021;37;T29;CX1;5,25;5,34;7,83;7,89;29,06;29,04;29,92;29,35;49,7;129,7;NA;NA;NA;NA
11/06/2021;37;T29;CX2;5,37;5,43;7,89;7,92;29,09;29,12;29,65;29,68;51;121,3;NA;NA;NA;NA
11/06/2021;37;T32;CX3;4,93;5,73;7,94;7,96;32,29;32,33;29,97;30,13;52,4;112,3;NA;NA;NA;NA
11/06/2021;37;T32;CX4;5,01;4,9;7,92;7,95;32,08;31,99;29,38;29,44;59,9;107,4;NA;NA;NA;NA
11/06/2021;37;T26;CX5;5,62;5,8;7,9;7,93;26,44;26,33;29,19;29,23;72;107,7;NA;NA;NA;NA
11/06/2021;37;T35;CX6;4,44;4,44;7,91;7,92;35,07;34,94;30,07;30,36;75,2;101,6;NA;NA;NA;NA
11/06/2021;37;T29;CX7;5,46;5,53;7,92;7,94;29,45;29,48;29,07;29,22;86,9;101,9;NA;NA;NA;NA
11/06/2021;37;T26;CX8;5,75;5,99;7,86;7,91;26,22;26,22;28,41;28,47;92,8;107,2;NA;NA;NA;NA
11/06/2021;37;T35;CX9;4,47;4,69;7,93;7,92;35,02;34,87;29,97;29,97;84,1;105;NA;NA;NA;NA
11/06/2021;37;T26;CX10;5,81;5,88;7,88;7,93;26,3;26,34;29,34;29,34;86,3;110,5;NA;NA;NA;NA
11/06/2021;37;T32;CX11;4,96;5,01;7,89;7,91;32,04;31,97;29,89;30,04;82,9;109,7;NA;NA;NA;NA
11/06/2021;37;T35;CX12;4,57;4,68;7,94;7,95;34,8;34,8;29,83;29,88;79,5;105,7;NA;NA;NA;NA
12/06/2021;38;T29;CX1;5,33;5,17;7,88;7,77;29,03;29,09;29,63;29,06;74,2;59,8;NA;NA;NA;NA
12/06/2021;38;T29;CX2;5,54;5,21;7,98;7,81;29,13;29,1;29,99;29,28;75,4;61,2;NA;NA;NA;NA
12/06/2021;38;T32;CX3;4,79;4,73;8,01;7,83;32,38;32,36;30,45;28,96;76,5;62;NA;NA;NA;NA
12/06/2021;38;T32;CX4;5,02;4,74;8;7,82;32,09;32,06;29,71;28,69;78,5;75,1;NA;NA;NA;NA
12/06/2021;38;T26;CX5;5,67;5,89;7,98;7,82;26,39;26,31;29,71;28,13;82,2;66;NA;NA;NA;NA
12/06/2021;38;T35;CX6;4,38;4,47;7,97;7,8;35,03;35,06;30,72;29,04;77,9;64,5;NA;NA;NA;NA
12/06/2021;38;T29;CX7;5,29;5,34;8;7,83;29,47;29,04;29,25;29,03;79,8;69,6;NA;NA;NA;NA
12/06/2021;38;T26;CX8;5,67;5,3;7,94;7,78;26,27;26,24;28,63;28,48;82,7;73,6;NA;NA;NA;NA
12/06/2021;38;T35;CX9;4,36;4,38;7,98;7,82;34,89;34,98;30,36;29,06;81,7;71,1;NA;NA;NA;NA
12/06/2021;38;T26;CX10;6,04;5,64;7,97;7,76;26,12;26,16;28,91;29,11;85,7;75,9;NA;NA;NA;NA
12/06/2021;38;T32;CX11;4,8;4,8;7,97;7,8;32,19;32,02;30,34;29,32;83,2;74,4;NA;NA;NA;NA
12/06/2021;38;T35;CX12;4,57;4,52;8,01;7,85;34,94;34,98;30,14;29,25;81,4;73,5;NA;NA;NA;NA
13/06/2021;39;T29;CX1;5,21;5,34;7,98;7,81;29,05;29,14;28,11;27,25;11,2;83,7;NA;NA;NA;NA
13/06/2021;39;T29;CX2;5,55;5,2;7,98;7,87;29,09;29,14;29,99;29,35;107,2;79,4;NA;NA;NA;NA
13/06/2021;39;T32;CX3;4,99;4,98;8,02;7,92;32,36;32,38;30,45;29,13;121,5;75,1;NA;NA;NA;NA
13/06/2021;39;T32;CX4;5,02;4,85;7,99;7,9;32,1;32,04;29,71;29;100,1;73;NA;NA;NA;NA
13/06/2021;39;T26;CX5;5,69;6,01;7,98;7,9;26,39;26,52;29,21;28,58;97,7;74,2;NA;NA;NA;NA
13/06/2021;39;T35;CX6;4,39;4,56;8;7,86;34,98;34,81;29,28;9,12;82,7;71,4;NA;NA;NA;NA
13/06/2021;39;T29;CX7;5,71;5,58;8,01;7,92;29,47;29,11;29,95;29,65;81,7;72,1;NA;NA;NA;NA
13/06/2021;39;T26;CX8;5,81;5,75;7,98;7,89;26,27;26,33;29,11;28,84;85,7;73,4;NA;NA;NA;NA
13/06/2021;39;T35;CX9;4,44;4,58;7,95;7,88;34,89;34,94;30,22;29,01;83,2;70,3;NA;NA;NA;NA
13/06/2021;39;T26;CX10;6,05;5,86;7,98;7,88;26,19;26,2;29,99;29,91;81,4;73,3;NA;NA;NA;NA
13/06/2021;39;T32;CX11;4,95;5,06;7,97;7,89;32,14;32,07;29,54;29,3;74,2;71;NA;NA;NA;NA
13/06/2021;39;T35;CX12;4,69;4,66;7,99;7,92;34,9;34,94;29,68;29,24;82,2;69,4;NA;NA;NA;NA
14/06/2021;40;T29;CX1;5,29;4,93;7,81;7,56;29,11;29,14;29,53;29,65;42;97,5;NA;NA;NA;NA
14/06/2021;40;T29;CX2;5,26;5,22;7,86;7,6;29,12;29,12;29,79;29,64;42,1;96,7;NA;NA;NA;NA
14/06/2021;40;T32;CX3;4,68;4,63;7,89;7,66;32,38;32,35;29,59;29,71;42,7;95,1;NA;NA;NA;NA
14/06/2021;40;T32;CX4;4,88;4,68;7,86;7,63;32,06;32,12;29,26;29,39;45,7;95;NA;NA;NA;NA
14/06/2021;40;T26;CX5;5,85;5,45;7,88;7,65;26,34;NA;28,45;29,28;51,8;55,2;NA;NA;NA;NA
14/06/2021;40;T35;CX6;4,5;4,4;7,84;7,63;34,94;35;29,82;29,81;51,5;64;NA;NA;NA;NA
14/06/2021;40;T29;CX7;5,3;5,13;7,88;7,67;29,03;29,18;29,39;29,46;53,1;69,3;NA;NA;NA;NA
14/06/2021;40;T26;CX8;5,61;5,38;7,84;7,64;26,2;26,27;28,71;28,79;58,7;72,6;NA;NA;NA;NA
14/06/2021;40;T35;CX9;4,3;4,27;7,83;7,64;34,92;34,98;29,77;29,91;58,7;73,7;NA;NA;NA;NA
14/06/2021;40;T26;CX10;5,65;5,57;7,81;7,62;26,17;26,28;29,28;29,33;63,3;78,8;NA;NA;NA;NA
14/06/2021;40;T32;CX11;4,82;4,72;7,84;7,64;32,13;32,07;29,85;29,96;61,5;77,4;NA;NA;NA;NA
14/06/2021;40;T35;CX12;4,39;4,3;7,87;7,69;34,93;34,88;29,79;29,88;60,4;77,1;NA;NA;NA;NA
15/06/2021;41;T29;CX1;5,29;5,18;7,79;7,62;29,12;29,04;29,97;29,82;79,6;128,4;NA;1,75;160;4
15/06/2021;41;T29;CX2;5,1;5,23;7,81;7,67;29,11;29,11;30,02;30,06;71,2;123,4;NA;1,75;185;4
15/06/2021;41;T32;CX3;4,53;4,73;7,86;7,71;NA;NA;29,92;29,46;76,4;117;NA;1,75;195;6
15/06/2021;41;T32;CX4;4,68;5,66;7,86;7,74;32,06;32,07;29,48;29,01;67,6;116,4;NA;1,75;195;6
15/06/2021;41;T26;CX5;5,77;4,33;7,87;7,71;26,4;26,4;29,22;29,96;69,1;111,1;NA;1;155;5
15/06/2021;41;T35;CX6;4,2;5,39;7,84;7,76;35,04;35,02;30,15;29,91;67,6;112,2;NA;1;180;6
15/06/2021;41;T29;CX7;5,35;5,53;7,89;7,76;28,98;29,03;29,44;29,52;71,1;105;NA;1,75;185;4
15/06/2021;41;T26;CX8;5,84;5,88;7,89;7,75;26,34;26,35;29,59;29,14;73,1;105,3;NA;1;185;5,5
15/06/2021;41;T35;CX9;4,53;4,52;7,86;7,73;34,91;35,04;29,67;29,88;71,5;100,1;NA;1;165;6
15/06/2021;41;T26;CX10;5,82;5,85;7,85;7,74;26,14;26,24;29,67;30,07;76,6;102,3;NA;0,5;195;5,5
15/06/2021;41;T32;CX11;4,85;4,92;7,88;7,71;32,13;32,09;30,23;29,85;76,7;98,9;NA;1,75;170;1
15/06/2021;41;T35;CX12;4,58;4,65;7,91;7,76;34,85;34,84;29,74;29,95;78,1;NA;NA;1;155;5
16/06/2021;42;T29;CX1;4,56;4,66;8,06;7,91;NA;NA;29,95;30,48;63,4;82,1;NA;NA;NA;NA
16/06/2021;42;T29;CX2;4,51;4,35;8,03;7,87;NA;NA;30,46;30,68;59,7;81,5;NA;NA;NA;NA
16/06/2021;42;T32;CX3;5,86;4,4;8,03;7,86;NA;NA;30,39;30,35;56,8;81;NA;NA;NA;NA
16/06/2021;42;T32;CX4;4,9;4,45;8,12;7,94;NA;NA;30,02;30,19;56,7;80,4;NA;NA;NA;NA
16/06/2021;42;T26;CX5;5,89;5,4;8,07;7,86;NA;NA;29,26;29,19;52,1;83,4;NA;NA;NA;NA
16/06/2021;42;T35;CX6;4,55;4,06;8,07;7,88;NA;NA;29,99;30,09;52,5;80,2;NA;NA;NA;NA
16/06/2021;42;T29;CX7;5,13;5,1;8,1;7,89;NA;NA;29,84;30,45;52,7;82;NA;NA;NA;NA
16/06/2021;42;T26;CX8;5,22;6,32;8,06;7,89;NA;NA;29,18;29,43;51,7;82,9;NA;NA;NA;NA
16/06/2021;42;T35;CX9;4,63;4,39;8,05;7,87;NA;NA;39,12;30,09;55,3;80,6;NA;NA;NA;NA
16/06/2021;42;T26;CX10;5,83;5,6;8,01;7,81;NA;NA;30,01;30,14;53,1;84,6;NA;NA;NA;NA
16/06/2021;42;T32;CX11;5,03;4,7;8,08;7,87;NA;NA;30,21;30,13;53,1;81,8;NA;NA;NA;NA
16/06/2021;42;T35;CX12;4,64;4,35;8,15;7,96;NA;NA;30,35;30,59;51,7;79,8;NA;NA;NA;NA
17/06/2021;43;T29;CX1;5,34;4,99;8,28;7,81;29,08;29,1;30,59;30,8;30,7;80,8;NA;NA;NA;NA
17/06/2021;43;T29;CX2;5,2;5,23;8,21;7,8;29,13;29,13;30,79;30,85;39,1;77;NA;NA;NA;NA
17/06/2021;43;T32;CX3;7,79;4,72;8,19;7,82;32,39;32,28;30,52;30,46;42;73,9;NA;NA;NA;NA
17/06/2021;43;T32;CX4;4,75;4,7;8,25;7,89;32,07;32,01;30,44;30,54;43,1;72;NA;NA;NA;NA
17/06/2021;43;T26;CX5;5,81;5,58;8,2;7,85;26,42;26,59;29,33;29,54;46,1;74,4;NA;NA;NA;NA
17/06/2021;43;T35;CX6;7,5;4,12;8,17;7,85;35,09;35,08;30,38;31,03;45,9;72,1;NA;NA;NA;NA
17/06/2021;43;T29;CX7;5,14;5,13;8,14;7,83;29,1;29,09;30,25;30,09;46,9;76,1;NA;NA;NA;NA
17/06/2021;43;T26;CX8;5,71;5,52;8,14;7,84;26,41;26,47;29,5;29,38;49,1;77,7;NA;NA;NA;NA
17/06/2021;43;T35;CX9;4,61;4,39;8,12;7,84;34,97;34,92;29,99;30,36;50,1;75,8;NA;NA;NA;NA
17/06/2021;43;T26;CX10;5,78;5,39;8,07;7,78;26,23;26,32;30,35;29,92;55,8;80,2;NA;NA;NA;NA
17/06/2021;43;T32;CX11;4,78;4,8;8,12;7,84;32,01;32,08;30,26;30,54;54,2;78,3;NA;NA;NA;NA
17/06/2021;43;T35;CX12;4,59;4,42;8,2;7,91;34,89;34,91;30,71;30,83;56,6;76,8;NA;NA;NA;NA
18/06/2021;44;T29;CX1;4,79;4,7;8,05;7,82;29,13;29,09;30,96;29,31;82;82,1;NA;NA;NA;NA
18/06/2021;44;T29;CX2;4,75;4,39;8;7,79;29,22;29,2;31,03;29,54;78,4;83,5;NA;NA;NA;NA
18/06/2021;44;T32;CX3;4,53;4,33;8,01;7,87;32,33;32,44;30,98;28,99;78,1;83,1;NA;NA;NA;NA
18/06/2021;44;T32;CX4;4,49;4,32;8,11;7,89;32,08;32,07;30,78;29,17;77;83,6;NA;NA;NA;NA
18/06/2021;44;T26;CX5;5,42;4,99;8,02;7,89;26,39;26,43;29,34;28,37;80,5;87;NA;NA;NA;NA
18/06/2021;44;T35;CX6;4;3,92;8,06;7,89;35,07;35,07;31,04;29,99;77,5;84,4;NA;NA;NA;NA
18/06/2021;44;T29;CX7;4,76;4,72;8,01;7,88;29,16;29,09;30,15;29,19;81;88,6;NA;NA;NA;NA
18/06/2021;44;T26;CX8;5,23;4,96;8,06;7,92;26,22;26,27;29,26;28,71;84,1;90,2;NA;NA;NA;NA
18/06/2021;44;T35;CX9;3,98;4,1;8,02;7,89;34,94;35,03;30,89;29,76;80,6;78,7;NA;NA;NA;NA
18/06/2021;44;T26;CX10;5,48;4,94;7,99;7,85;26,18;26,17;29,81;29,09;86,3;85,5;NA;NA;NA;NA
18/06/2021;44;T32;CX11;4,3;4,21;8,09;7,94;32,06;32,06;30,95;29,44;83,6;83,4;NA;NA;NA;NA
18/06/2021;44;T35;CX12;4,25;4,04;8,12;7,98;34,86;34,92;31,28;29,62;81,3;82,7;NA;NA;NA;NA
19/06/2021;45;T29;CX1;5,12;5,14;7,85;7,86;29,06;29,06;27,47;28,97;47,4;93,8;NA;NA;NA;NA
19/06/2021;45;T29;CX2;5,33;5,15;7,96;7,91;29,15;29,13;29,57;29,63;50,7;86,1;NA;NA;NA;NA
19/06/2021;45;T32;CX3;4,51;4,84;7,98;7,94;32,38;32,32;29,28;29,24;52,1;80,1;NA;NA;NA;NA
19/06/2021;45;T32;CX4;7,72;4,5;8,04;8,04;32,03;32,11;29,48;29,49;53,1;74,1;NA;NA;NA;NA
19/06/2021;45;T26;CX5;5,24;5,64;8,01;8;26,4;26,38;28,54;28,77;64,9;75,3;NA;NA;NA;NA
19/06/2021;45;T35;CX6;4,23;4,42;8,01;8,01;35,06;35,18;30,01;30,14;63,3;72,3;NA;NA;NA;NA
19/06/2021;45;T29;CX7;5,04;5,05;7,99;7,96;29,17;29,11;29,43;29,5;67,7;74,8;NA;NA;NA;NA
19/06/2021;45;T26;CX8;5,67;5,57;8,04;8,04;26,31;26,31;29,03;28,97;68,8;75,8;NA;NA;NA;NA
19/06/2021;45;T35;CX9;4,5;4,54;8,03;8,03;34,92;34,78;30,04;29,73;66,9;73,4;NA;NA;NA;NA
19/06/2021;45;T26;CX10;5,73;5,62;7,99;7,98;26,41;26,3;29,67;29,73;70,7;77,2;NA;NA;NA;NA
19/06/2021;45;T32;CX11;4,99;4,76;8,03;8,03;32,08;31,96;29,37;29,37;69,1;74,9;NA;NA;NA;NA
19/06/2021;45;T35;CX12;4,41;4,2;8,12;8,11;34,86;34,95;29,99;29,85;67,7;74,2;NA;NA;NA;NA
20/06/2021;46;T29;CX1;4,8;4,61;7,98;7,8;29,03;29,11;29,76;29,73;53,5;97;NA;NA;NA;NA
20/06/2021;46;T29;CX2;4,5;4,51;7,93;7,76;29,47;29,57;29,9;29,93;58;89,1;NA;NA;NA;NA
20/06/2021;46;T32;CX3;4,4;4,38;7,92;7,76;32,43;32,43;29,68;29,68;63,4;87;NA;NA;NA;NA
20/06/2021;46;T32;CX4;4,17;4,39;8;7,85;32,06;32,14;29,79;29,81;66,5;85,5;NA;NA;NA;NA
20/06/2021;46;T26;CX5;5,27;5,19;7,97;7,79;26,38;26,4;28,61;28,65;71;89,1;NA;NA;NA;NA
20/06/2021;46;T35;CX6;4,11;4,22;7,99;7,82;34,94;34,93;30,54;30,64;69,4;86,3;NA;NA;NA;NA
20/06/2021;46;T29;CX7;4,93;4,87;7,94;7,82;29,08;29,22;29,56;29,62;75,4;89,1;NA;NA;NA;NA
20/06/2021;46;T26;CX8;5,21;4,99;8,01;7,82;26,32;26,34;28,92;28,94;77;91,1;NA;NA;NA;NA
20/06/2021;46;T35;CX9;4,1;4,03;8,01;7,84;34,91;34,94;30,73;30,75;73,8;87,4;NA;NA;NA;NA
20/06/2021;46;T26;CX10;5,02;5,07;7,92;7,76;26,17;26,19;29,23;29,28;80,8;91,6;NA;NA;NA;NA
20/06/2021;46;T32;CX11;4,39;4,27;7,94;7,83;32,07;32,12;30,06;30,06;78,2;88,7;NA;NA;NA;NA
20/06/2021;46;T35;CX12;4,21;4,02;8,08;7,91;34,85;35,07;30,42;30,46;76,2;86,8;NA;NA;NA;NA
21/06/2021;47;T29;CX1;NA;4,69;NA;7,69;NA;29,03;NA;30,04;NA;69,8;NA;NA;NA;5,5
21/06/2021;47;T29;CX2;NA;4,72;NA;7,74;NA;29,4;NA;30,24;NA;65,4;NA;NA;NA;4
21/06/2021;47;T32;CX3;4,09;4,55;8,07;7,75;32,49;32,41;30,03;30,04;18,1;63,5;NA;NA;NA;15
21/06/2021;47;T32;CX4;4,54;4,47;8,05;7,81;32,14;32,02;30,18;30,16;30,9;62,3;NA;NA;NA;4
21/06/2021;47;T26;CX5;5,46;5,55;8;7,78;26,49;26,48;29,15;29,19;38,2;65,1;NA;NA;NA;5
21/06/2021;47;T35;CX6;4,23;4,13;8,03;7,8;35,07;35,08;30,86;30,84;28,9;63,2;NA;NA;NA;6,5
21/06/2021;47;T29;CX7;4,76;5,21;7,98;7,78;29,15;29,17;30,04;30,11;48,1;65,8;NA;NA;NA;4
21/06/2021;47;T26;CX8;5,2;5,44;7,99;7,74;26,47;26,33;29,33;29,29;51,8;67,9;NA;NA;NA;3
21/06/2021;47;T35;CX9;4,4;4,4;8;7,77;34,91;34,92;30,72;31,01;50,4;66;NA;NA;NA;10
21/06/2021;47;T26;CX10;5,6;5,52;7,94;7,67;26,23;26,24;30,27;29,69;55,4;70;NA;NA;NA;6
21/06/2021;47;T32;CX11;4,83;4,67;7,97;7,73;32,1;32,07;29,92;30,04;54,4;68,5;NA;NA;NA;6
21/06/2021;47;T35;CX12;4,36;4,35;8,09;7,88;34,92;34,82;30,59;30,82;52,9;66,9;NA;NA;NA;12
22/06/2021;48;T29;CX1;4,87;4,67;7,91;7,85;NA;29,02;28,55;30,24;134,1;95,2;0,5;1,75;NA;NA
22/06/2021;48;T29;CX2;4,64;5,95;7,91;7,83;NA;29,13;29,1;30,49;133,2;95,9;0,25;1,75;NA;NA
22/06/2021;48;T32;CX3;4,56;4,72;7,9;7,82;32,52;32,29;30,05;29,85;124,8;94,3;0,5;1,75;NA;NA
22/06/2021;48;T32;CX4;4,82;4,17;7,95;7,86;32,05;32,07;30,34;30,47;122,7;94,3;0,25;1,75;NA;NA
22/06/2021;48;T26;CX5;5,63;5,47;7,94;NA;26,44;26,38;29,29;29,51;123,2;96,5;0,25;1,75;NA;NA
22/06/2021;48;T35;CX6;4,34;4,53;7,98;7,87;35;34,85;29,83;29,91;118,1;93,4;0,25;1,75;NA;NA
22/06/2021;48;T29;CX7;4,85;5;7,89;7,81;NA;29,1;30,12;30,16;166,2;95,6;0,25;1,75;NA;NA
22/06/2021;48;T26;CX8;4,96;5,37;7,89;7,77;NA;26,36;29,32;29,41;114,9;97,2;0,25;1,75;NA;NA
22/06/2021;48;T35;CX9;5,41;4,07;7,96;7,88;34,86;34,87;30,25;30,68;11,5;93,1;0,5;1;NA;NA
22/06/2021;48;T26;CX10;5,91;5,47;7,93;7,85;26,26;26,27;30,31;30,11;113,9;96,7;0,25;1;NA;NA
22/06/2021;48;T32;CX11;4,65;4,72;7,99;7,88;32,06;32,14;29,99;29,88;109,9;94;0,5;1,75;NA;NA
22/06/2021;48;T35;CX12;4,49;4,35;8,05;7,97;34,85;34,92;30,24;30,57;106,9;91,8;0,5;1;NA;NA
23/06/2021;49;T29;CX1;4,95;4,45;8,18;7,9;29,09;29,04;30,1;30,57;12,1;52,6;NA;NA;240;NA
23/06/2021;49;T29;CX2;5,09;4,67;8,09;7,86;29,29;29,29;30,76;30,79;16,9;56,4;NA;NA;235;NA
23/06/2021;49;T32;CX3;4,56;4;8,07;7,81;32,44;32,42;30,27;30,38;20,9;58,1;NA;NA;230;NA
23/06/2021;49;T32;CX4;4,69;3,76;8,09;7,74;32,06;32,06;30,06;30,73;24,1;61,3;NA;NA;235;NA
23/06/2021;49;T26;CX5;5,51;5,88;8,08;7,81;26,41;26,41;29,39;29,28;28,9;65,4;NA;NA;230;NA
23/06/2021;49;T35;CX6;3,81;4,01;8,1;7,9;35,03;35,08;30,89;30,08;31,5;63,5;NA;NA;230;NA
23/06/2021;49;T29;CX7;5,17;4,52;7,98;7,79;29,16;29,27;30,21;30,3;39,1;68,5;NA;NA;210;NA
23/06/2021;49;T26;CX8;5,52;4,66;8,03;7,79;26,32;26,33;29,41;29,33;41,1;71,1;NA;NA;255;NA
23/06/2021;49;T35;CX9;4,46;3,61;8,04;7,81;34,88;34,99;30,6;31,22;38,7;67,9;NA;NA;225;NA
23/06/2021;49;T26;CX10;5,6;4,88;7,99;7,75;26,21;26,14;29,99;29,55;42,7;73,2;NA;NA;225;NA
23/06/2021;49;T32;CX11;4,81;4,18;8,07;7,84;32,09;32,13;30,29;30,51;41;71;NA;NA;235;NA
23/06/2021;49;T35;CX12;4,58;3,61;8,14;7,86;34,89;34,91;30,72;30,94;40,5;70;NA;NA;200;NA
24/06/2021;50;T29;CX1;4,95;4,56;8,18;8,06;29,09;29,1;30,1;30,89;12,1;36,2;NA;NA;NA;NA
24/06/2021;50;T29;CX2;5,09;4,82;8,09;7,99;29,29;29,41;30,76;31,25;16,9;37,6;NA;NA;NA;NA
24/06/2021;50;T32;CX3;4,95;5,66;8,06;7,97;32,44;32,46;30,22;30,73;24,4;38,6;NA;NA;NA;NA
24/06/2021;50;T32;CX4;4,69;4,62;8,09;8;32,06;32,06;30,66;31,23;20,1;39,8;NA;NA;NA;NA
24/06/2021;50;T26;CX5;5,51;5,65;0,08;7,95;26,21;26,39;29,39;29,65;28,9;43,9;NA;NA;NA;NA
24/06/2021;50;T35;CX6;4,02;4,18;8,02;8;35,08;35,14;30,21;31,17;35,7;42,3;NA;NA;NA;NA
24/06/2021;50;T29;CX7;5,17;4,95;7,98;7,95;29,14;29,16;29,41;30,82;39,8;47,4;NA;NA;NA;NA
24/06/2021;50;T26;CX8;5,4;5,42;8,03;7,97;26,22;26,29;30,01;29,73;42,1;49,6;NA;NA;NA;NA
24/06/2021;50;T35;CX9;4,32;4,34;8,09;8,03;34,95;34,93;29,48;31,76;38,7;46,5;NA;NA;NA;NA
24/06/2021;50;T26;CX10;5,6;5,63;7,99;7,92;26,14;26,22;30,2;29,84;42,8;51,2;NA;NA;NA;NA
24/06/2021;50;T32;CX11;4,81;4,51;8,07;8,02;32,04;32,07;30,54;30,81;35,1;50,3;NA;NA;NA;NA
24/06/2021;50;T35;CX12;4,58;4,44;8,17;8,09;34,89;34,92;30,78;31,29;38,9;49,1;NA;NA;NA;NA
25/06/2021;51;T29;CX1;4,92;4,65;7,91;7,9;28,98;29,04;30,8;29,97;36,3;122,2;NA;NA;NA;NA
25/06/2021;51;T29;CX2;4,99;4,94;7,96;7,96;29,39;29,47;31,41;30,15;35,9;110,5;NA;NA;NA;NA
25/06/2021;51;T32;CX3;4,28;4,52;7,91;7,91;32,49;32,51;30,88;29,89;37,5;96,5;NA;NA;NA;NA
25/06/2021;51;T32;CX4;4,78;4,33;7,9;7,98;32,07;32,05;31,33;30,27;39,2;92;NA;NA;NA;NA
25/06/2021;51;T26;CX5;5,37;4,95;7,88;7,88;26,44;26,37;29,62;28,41;45,8;93,4;NA;NA;NA;NA
25/06/2021;51;T35;CX6;3,98;4,03;7,97;7,97;35,19;35,09;31,57;30,32;44,4;86,9;NA;NA;NA;NA
25/06/2021;51;T29;CX7;5,02;4,4;7,9;7,9;29,18;29,21;30,77;30,08;48,3;87,9;NA;NA;NA;NA
25/06/2021;51;T26;CX8;4,9;4,99;7,91;7,91;26,34;26,28;29,63;29,14;51,8;85,6;NA;NA;NA;NA
25/06/2021;51;T35;CX9;4,28;3,86;8,03;8,03;34,92;34,87;32,03;30,9;47;80;NA;NA;NA;NA
25/06/2021;51;T26;CX10;5,35;5,18;7,86;7,86;26,19;26,18;29,78;29,35;52,9;83,2;NA;NA;NA;NA
25/06/2021;51;T32;CX11;4,54;4,59;8;8;32,06;32,09;30,95;29,97;48,9;78,5;NA;NA;NA;NA
25/06/2021;51;T35;CX12;4,15;4,19;8,08;8,08;34,88;34,93;31,41;30,12;48,5;76;NA;NA;NA;NA
26/06/2021;52;T29;CX1;4,86;4,4;7,98;7,71;29,07;29,01;30,08;30,32;98;64,3;NA;NA;NA;NA
26/06/2021;52;T29;CX2;5,09;4,51;8;7,79;29,45;29,53;30,38;30,5;94,2;NA;NA;NA;NA;NA
26/06/2021;52;T32;CX3;4,45;4,4;8;7,86;32,46;32,51;30,11;30,14;89,3;64,7;NA;NA;NA;NA
26/06/2021;52;T32;CX4;4,57;4,52;8,04;7,85;32,07;32,01;30,48;30,61;87,3;65,9;NA;NA;NA;NA
26/06/2021;52;T26;CX5;5,61;5,2;7,99;7,83;26,28;26,58;28,51;30,58;88,8;70;NA;NA;NA;NA
26/06/2021;52;T35;CX6;4,42;3,88;8,03;7,86;35,16;35,17;30,52;30,5;82,7;67,7;NA;NA;NA;NA
26/06/2021;52;T29;CX7;5,11;4,75;7,97;7,79;29,11;29,26;30,9;30,28;89,6;74,7;NA;NA;NA;NA
26/06/2021;52;T26;CX8;5,34;5;7,88;7,71;26,41;26,23;29,45;29,29;90,1;76,2;NA;NA;NA;NA
26/06/2021;52;T35;CX9;4,39;4;0,07;7,92;34,95;35,02;30,83;31,26;84,2;72;NA;NA;NA;NA
26/06/2021;52;T26;CX10;5,68;4,89;7,84;7,69;26,16;26,29;29,38;29,4;87,9;77,4;NA;NA;NA;NA
26/06/2021;52;T32;CX11;4,74;4,51;8,03;7,88;32,13;NA;30,15;30,22;91,7;73,5;NA;NA;NA;NA
26/06/2021;52;T35;CX12;4,26;4,11;8,1;7,92;34,97;35,08;30,35;30,44;77,4;72,6;NA;NA;NA;NA
27/06/2021;53;T29;CX1;4,54;5,47;7,97;7,92;29,07;28,98;30,35;30,01;70,7;110,4;NA;NA;NA;NA
27/06/2021;53;T29;CX2;4,95;5,14;7,99;7,85;29,43;28,46;30,85;30,69;69,8;107,2;NA;NA;NA;NA
27/06/2021;53;T32;CX3;5,05;4,87;7,96;7,91;32,47;32,33;30,21;30,36;67,7;102,4;NA;NA;NA;NA
27/06/2021;53;T32;CX4;5,35;4,88;8,01;7,9;32,16;32,09;30,92;30,25;66,1;99;NA;NA;NA;NA
27/06/2021;53;T26;CX5;5,02;5,8;8;7,94;26,44;26,43;29,25;28,04;66,2;98;NA;NA;NA;NA
27/06/2021;53;T35;CX6;4,34;4,38;8,04;7,9;35,04;35,13;30,72;30,46;63,4;95,6;NA;NA;NA;NA
27/06/2021;53;T29;CX7;5,51;5,1;7,99;7,91;29,33;29,19;30,81;30,6;64,7;95,3;NA;NA;NA;NA
27/06/2021;53;T26;CX8;5,33;6,82;7,88;7,86;26,59;26,37;29,53;29,73;67,2;96,2;NA;NA;NA;NA
27/06/2021;53;T35;CX9;5,14;5,09;8,02;7,99;35,09;35,08;31,16;30,9;64;94,2;NA;NA;NA;NA
27/06/2021;53;T26;CX10;5,44;4,16;7,89;7,87;26,61;26,35;30;30,1;68,3;96,1;NA;NA;NA;NA
27/06/2021;53;T32;CX11;4,66;4,67;7,92;7,91;32,01;32,02;30,21;30,15;65,8;97,8;NA;NA;NA;NA
27/06/2021;53;T35;CX12;4,36;4,37;8,06;8,02;34,97;34,99;30,7;30,25;62,8;98,9;NA;NA;NA;NA
28/06/2021;54;T29;CX1;4,35;4,6;8,02;7,86;29;29,03;31,07;31,03;41,7;120;NA;NA;NA;NA
28/06/2021;54;T29;CX2;4,5;4,69;7,89;7,89;29,49;29,6;31,31;31,37;40,6;103;NA;NA;NA;NA
28/06/2021;54;T32;CX3;4,29;4,3;7,96;7,96;32,4;32,39;30,97;30,99;39,1;97,4;NA;NA;NA;NA
28/06/2021;54;T32;CX4;4,61;4,37;8,08;8,08;32,08;32,08;31,26;31,38;38,4;92;NA;NA;NA;NA
28/06/2021;54;T26;CX5;5,39;5,2;8,06;8,06;26,42;26,38;28,83;28,87;42,9;91,5;NA;NA;NA;NA
28/06/2021;54;T35;CX6;3,87;4,07;8,02;8,02;35,12;34,98;31,26;31,19;41,6;86,2;NA;NA;NA;NA
28/06/2021;54;T29;CX7;4,82;4,79;7,91;7,91;29,22;29,19;30,84;30,89;46,6;84,7;NA;NA;NA;NA
28/06/2021;54;T26;CX8;5,07;4,95;7,86;7,86;26,38;26,31;29,56;29,56;49,8;86,7;NA;NA;NA;NA
28/06/2021;54;T35;CX9;3,89;3,94;8,06;8,06;34,96;34,93;32,09;32,18;48,5;80,6;NA;NA;NA;NA
28/06/2021;54;T26;CX10;5,04;4,68;7,84;7,84;26,17;26,23;29,91;29,59;51,1;86,1;NA;NA;NA;NA
28/06/2021;54;T32;CX11;4,31;3,99;7,99;7,99;32,09;32,14;30,7;30,77;48,5;81,7;NA;NA;NA;NA
28/06/2021;54;T35;CX12;4,04;3,79;8,09;8,09;34,97;34,93;31,24;31,32;46,8;81;NA;NA;NA;NA
29/06/2021;55;T29;CX1;NA;4,59;NA;7,91;NA;29,03;NA;30,97;NA;51,9;NA;2,8;NA;NA
29/06/2021;55;T29;CX2;NA;4,5;NA;7,82;NA;29,49;NA;91,17;NA;51,9;NA;2,8;NA;NA
29/06/2021;55;T32;CX3;NA;4,42;NA;7,85;NA;32,43;NA;30,34;NA;50,8;NA;2,8;NA;NA
29/06/2021;55;T32;CX4;NA;4,26;NA;7,89;NA;32,01;NA;30,79;NA;50,9;NA;2,8;NA;NA
29/06/2021;55;T26;CX5;NA;5,17;NA;7,93;NA;26,39;NA;29,22;NA;54,2;NA;1,75;NA;NA
29/06/2021;55;T35;CX6;NA;3,94;NA;7,88;NA;35,12;NA;30,73;NA;52,1;NA;1,75;NA;NA
29/06/2021;55;T29;CX7;NA;4,44;NA;7,83;NA;29,2;NA;30,77;NA;55,1;NA;2,8;NA;NA
29/06/2021;55;T26;CX8;NA;4,51;NA;7,75;NA;26,39;NA;29,72;NA;58;NA;1,75;NA;NA
29/06/2021;55;T35;CX9;NA;3,81;NA;7,89;NA;34,96;NA;31,09;NA;53,7;NA;2,8;NA;NA
29/06/2021;55;T26;CX10;NA;4,46;NA;7,7;NA;26,14;NA;29,6;NA;61,3;NA;1,75;NA;NA
29/06/2021;55;T32;CX11;NA;4,33;NA;7,85;NA;32,14;NA;30,68;NA;57,9;NA;1;NA;NA
29/06/2021;55;T35;CX12;NA;3,94;NA;7,97;NA;34,92;NA;30,7;NA;55,3;NA;1,75;NA;NA
